Well name,,Ground Elevation(masl),Datum Elevation(masl),Surveyed Stickup(m),Total Depth of Piezometer(mbgs),Bottom of Piezometer Elevation(masl),Depth Interval of Screen(mbgs),Elevation Interval of Screen(masl),Depth Interval of Sand(mbgs),Elevation Interval of Sand(masl),Time(hh:mm),Observed Depth to Groundwater(mbtoc),Observed Depth to Groundwater(mbgs),Depth to Product(mbtoc),Observed Product Thickness(m),Corrected Product Thickness(m),Corrected Depth to Groundwater(mbtoc),Corrected Depth to Groundwater(mbgs),Observed Groundwater Surface Elevation(masl),Corrected Groundwater Surface Elevation(masl),Depth to Bottom of Well(mbtoc),Measured Stick up(m),Easting(m),Northing(m)
,,,,,,,,,,,,,,,,,,,,,,,,
,,,,,,,,,,,,,,,,,,,,,,,,
,,,,,,,,,,,,,,,,,,,,,,,,
13-06,06-Jun-2016,953.50,954.39,0.88,7.80,945.70,4.80 - 7.80,948.70 - 945.70,N/A,N/A,14:50,8.20,7.32,,N/A,N/A,8.20,7.32,946.19,946.19,8.69,N/M,645463.505,5867925.859
,18-Oct-2016,,,,,,,,,,12:35,6.39,5.51,,N/A,N/A,6.39,5.51,948.00,948.00,N/M,N/M,,
,29-May-2017,,,,,,,,,,14:20,6.42,5.54,,N/A,N/A,6.42,5.54,947.97,947.97,N/M,N/M,,
,17-Oct-2017,,,,,,,,,,12:35,6.94,6.06,,N/A,N/A,6.94,6.06,947.45,947.45,8.70,N/M,,
,14-May-2018,,,,,,,,,,14:55,7.62,6.74,,N/A,N/A,7.62,6.74,946.77,946.77,8.70,N/M,,
,10-Oct-2018,,,,,,,,,,10:00,7.36,6.48,,N/A,N/A,7.36,6.48,947.03,947.03,N/M,N/M,,
,,,,,,,,,,,,,,,,,,,,,,,,
TH7,06-Jun-2016,953.70,954.50,0.80,8.34,945.36,7.49 - 8.34,946.21 - 945.36,N/A,N/A,14:40,7.65,6.85,,N/A,N/A,7.65,6.85,946.85,946.85,8.16,N/M,645461.893,5867883.754
,18-Oct-2016,,,,,,,,,,12:30,5.43,4.63,,N/A,N/A,5.43,4.63,949.07,949.07,N/M,N/M,,
,29-May-2017,,,,,,,,,,14:30,5.85,5.05,,N/A,N/A,5.85,5.05,948.65,948.65,N/M,N/M,,
,17-Oct-2017,,,,,,,,,,12:30,5.75,4.95,,N/A,N/A,5.75,4.95,948.75,948.75,N/M,N/M,,
,14-May-2018,,,,,,,,,,14:50,6.89,6.09,,N/A,N/A,6.89,6.09,947.61,947.61,8.18,N/M,,
,10-Oct-2018,,,,,,,,,,09:55,6.49,5.69,,N/A,N/A,6.49,5.69,948.01,948.01,N/M,N/M,,
,,,,,,,,,,,,,,,,,,,,,,,,
,,,,,,,,,,,,,,,,,,,,,,,,
,,,,,,,,,,,,,,,,,,,,,,,,
96-6,07-Jun-2016,951.80,952.37,0.57,6.00,945.80,3.00 - 6.00,948.80 - 945.80,2.60 - 2.70,949.20 - 949.10,11:00,3.55,2.98,,N/A,N/A,3.55,2.98,948.82,948.82,7.96,N/M,645617.050,5867782.746
,18-Oct-2016,,,,,,,,,,11:30,2.27,1.70,,N/A,N/A,2.27,1.70,950.10,950.10,N/M,N/M,,
,30-May-2017,,,,,,,,,,15:00,2.91,2.34,,N/A,N/A,2.91,2.34,949.46,949.46,7.32,N/M,,
,18-Oct-2017,,,,,,,,,,13:35,2.23,1.66,,N/A,N/A,2.23,1.66,950.14,950.14,7.96,N/M,,
,15-May-2018,,,,,,,,,,17:00,3.71,3.14,,N/A,N/A,3.71,3.14,948.66,948.66,7.95,N/M,,
,10-Oct-2018,,,,,,,,,,16:20,3.09,2.52,,N/A,N/A,3.09,2.52,949.28,949.28,7.96,N/M,,
,,,,,,,,,,,,,,,,,,,,,,,,
96-12-2,06-Jun-2016,950.82,951.46,0.64,6.00,944.82,3.00 - 6.00,947.82 - 944.82,N/A,N/A,13:35,4.19,3.55,,N/A,N/A,4.19,3.55,947.27,947.27,8.02,N/M,645466.248,5867809.039
,18-Oct-2016,,,,,,,,,,12:15,1.19,0.55,,N/A,N/A,1.19,0.55,950.27,950.27,N/M,N/M,,
,29-May-2017,,,,,,,,,,15:50,2.32,1.68,,N/A,N/A,2.32,1.68,949.14,949.14,N/M,N/M,,
,17-Oct-2017,,,,,,,,,,12:18,1.48,0.84,,N/A,N/A,1.48,0.84,949.98,949.98,N/M,N/M,,
,14-May-2018,,,,,,,,,,14:35,2.31,1.67,,N/A,N/A,2.31,1.67,949.15,949.15,8.03,N/M,,
,10-Oct-2018,,,,,,,,,,09:49,2.73,2.09,,N/A,N/A,2.73,2.09,948.73,948.73,N/M,N/M,,
,,,,,,,,,,,,,,,,,,,,,,,,
97-21,07-Jun-2016,951.14,951.99,0.85,8.00,943.14,4.00 - 8.00,947.14 - 943.14,N/A,N/A,10:25,4.80,3.95,,N/A,N/A,4.80,3.95,947.19,947.19,8.21,N/M,645608.630,5867740.071
,18-Oct-2016,,,,,,,,,,12:20,3.37,2.52,,N/A,N/A,3.37,2.52,948.62,948.62,N/M,N/M,,
,30-May-2017,,,,,,,,,,14:35,3.54,2.69,,N/A,N/A,3.54,2.69,948.45,948.45,N/M,N/M,,
,18-Oct-2017,,,,,,,,,,12:50,3.19,2.34,,N/A,N/A,3.19,2.34,948.80,948.80,8.20,N/M,,
,15-May-2018,,,,,,,,,,16:35,4.85,4.00,,N/A,N/A,4.85,4.00,947.14,947.14,N/M,N/M,,
,10-Oct-2018,,,,,,,,,,15:15,4.22,3.37,,N/A,N/A,4.22,3.37,947.77,947.77,8.23,N/M,,
,,,,,,,,,,,,,,,,,,,,,,,,
06-62,07-Jun-2016,951.94,952.89,0.95,5.50,946.44,2.50 - 5.50,949.44 - 946.44,N/A,N/A,09:50,4.27,3.32,,N/A,N/A,4.27,3.32,948.62,948.62,6.34,N/M,645576.383,5867793.074
,18-Oct-2016,,,,,,,,,,11:55,2.15,1.20,,N/A,N/A,2.15,1.20,950.74,950.74,N/M,N/M,,
,30-May-2017,,,,,,,,,,15:45,3.36,2.41,,N/A,N/A,3.36,2.41,949.53,949.53,N/M,N/M,,
,18-Oct-2017,,,,,,,,,,13:05,2.31,1.36,,N/A,N/A,2.31,1.36,950.58,950.58,6.36,N/M,,
,15-May-2018,,,,,,,,,,17:25,4.87,3.92,,N/A,N/A,4.87,3.92,948.02,948.02,N/M,N/M,,
,10-Oct-2018,,,,,,,,,,16:25,3.61,2.66,,N/A,N/A,3.61,2.66,949.28,949.28,6.36,N/M,,
,,,,,,,,,,,,,,,,,,,,,,,,
06-63,07-Jun-2016,951.86,952.56,0.70,5.20,946.66,2.20 - 5.20,949.66 - 946.66,N/A,N/A,11:55,3.94,3.24,,N/A,N/A,3.94,3.24,948.62,948.62,5.97,N/M,645638.926,5867751.212
,18-Oct-2016,,,,,,,,,,12:10,3.26,2.56,,N/A,N/A,3.26,2.56,949.30,949.30,N/M,N/M,,
,30-May-2017,,,,,,,,,,14:40,3.22,2.52,,N/A,N/A,3.22,2.52,949.34,949.34,N/M,N/M,,
,18-Oct-2017,,,,,,,,,,12:45,2.80,2.10,,N/A,N/A,2.80,2.10,949.76,949.76,5.89,N/M,,
,15-May-2018,,,,,,,,,,16:40,3.99,3.29,,N/A,N/A,3.99,3.29,948.57,948.57,N/M,N/M,,
,10-Oct-2018,,,,,,,,,,15:30,3.39,2.69,,N/A,N/A,3.39,2.69,949.17,949.17,5.92,N/M,,
,,,,,,,,,,,,,,,,,,,,,,,,
10-67,07-Jun-2016,951.13,951.87,0.74,8.30,942.83,5.30 - 8.30,945.83 - 942.83,N/A,N/A,10:20,5.16,4.42,,N/A,N/A,5.16,4.42,946.71,946.71,9.16,N/M,645586.902,5867741.947
,18-Oct-2016,,,,,,,,,,12:55,3.32,2.58,,N/A,N/A,3.32,2.58,948.55,948.55,N/M,N/M,,
,30-May-2017,,,,,,,,,,14:25,3.79,3.05,,N/A,N/A,3.79,3.05,948.08,948.08,N/M,N/M,,
,18-Oct-2017,,,,,,,,,,13:05,3.31,2.57,,N/A,N/A,3.31,2.57,948.56,948.56,9.15,N/M,,
,15-May-2018,,,,,,,,,,16:25,5.27,4.53,,N/A,N/A,5.27,4.53,946.60,946.60,N/M,N/M,,
,10-Oct-2018,,,,,,,,,,15:00,4.53,3.79,,N/A,N/A,4.53,3.79,947.34,947.34,9.14,N/M,,
,,,,,,,,,,,,,,,,,,,,,,,,
PIEZO B,07-Jun-2016,952.15,952.89,0.74,3.60,948.55,0.00 - 3.60,952.15 - 948.55,N/A,N/A,11:40,2.97,2.23,,N/A,N/A,2.97,2.23,949.92,949.92,3.55,N/M,645635.285,5867806.955
,18-Oct-2016,,,,,,,,,,10:15,1.72,0.98,,N/A,N/A,1.72,0.98,951.17,951.17,N/M,N/M,,
,30-May-2017,,,,,,,,,,15:55,2.45,1.71,,N/A,N/A,2.45,1.71,950.44,950.44,N/M,N/M,,
,18-Oct-2017,,,,,,,,,,13:50,2.26,1.52,,N/A,N/A,2.26,1.52,950.63,950.63,3.52,N/M,,
,15-May-2018,,,,,,,,,,17:30,3.43,2.69,,N/A,N/A,3.43,2.69,949.46,949.46,3.53,N/M,,
,10-Oct-2018,,,,,,,,,,16:30,3.05,2.31,,N/A,N/A,3.05,2.31,949.84,949.84,N/M,N/M,,
,,,,,,,,,,,,,,,,,,,,,,,,
TH12,07-Jun-2016,952.07,952.53,0.46,4.91,947.16,4.21 - 4.91,947.86 - 947.16,N/A,N/A,11:45,3.52,3.06,,N/A,N/A,3.52,3.06,949.01,949.01,4.18,N/M,645636.573,5867775.128
,18-Oct-2016,,,,,,,,,,13:00,2.86,2.40,,N/A,N/A,2.86,2.40,949.67,949.67,N/M,N/M,,
,30-May-2017,,,,,,,,,,15:55,3.20,2.74,,N/A,N/A,3.20,2.74,949.33,949.33,N/M,N/M,,
,18-Oct-2017,,,,,,,,,,13:40,2.66,2.20,,N/A,N/A,2.66,2.20,949.87,949.87,4.16,N/M,,
,15-May-2018,,,,,,,,,,16:50,3.64,3.18,,N/A,N/A,3.64,3.18,948.89,948.89,N/M,N/M,,
,10-Oct-2018,,,,,,,,,,15:45,3.36,2.90,,N/A,N/A,3.36,2.90,949.17,949.17,4.18,N/M,,
,,,,,,,,,,,,,,,,,,,,,,,,
,,,,,,,,,,,,,,,,,,,,,,,,
,,,,,,,,,,,,,,,,,,,,,,,,
96-9,07-Jun-2016,950.03,950.53,0.50,6.00,944.03,3.00 - 6.00,947.03 - 944.03,N/A,N/A,13:45,2.480,1.980,2.450,0.030,0.024,2.456,1.956,948.050,948.074,8.19,N/M,645621.368,5867630.473
,18-Oct-2016,,,,,,,,,,14:30,1.395,0.895,1.365,0.030,0.024,1.371,0.871,949.135,949.159,N/M,N/M,,
,30-May-2017,,,,,,,,,,11:20,1.194,0.694,1.190,0.004,0.003,1.191,0.691,949.336,949.339,N/M,N/M,,
,17-Oct-2017,,,,,,,,,,14:15,1.54,1.04,,N/A,N/A,1.54,1.04,948.99,948.99,8.18,N/M,,
,15-May-2018,,,,,,,,,,14:30,2.820,2.320,2.816,0.004,0.003,2.817,2.317,947.710,947.713,N/M,N/M,,
,10-Oct-2018,,,,,,,,,,13:25,2.203,1.703,2.200,0.003,0.002,2.201,1.701,948.327,948.329,N/M,N/M,,
,,,,,,,,,,,,,,,,,,,,,,,,
96-11-2,07-Jun-2016,947.56,948.09,0.53,12.00,935.56,6.00 - 12.00,941.56 - 935.56,N/A,N/A,12:45,2.44,1.91,,N/A,N/A,2.44,1.91,945.65,945.65,12.57,N/M,645510.069,5867690.970
,18-Oct-2016,,,,,,,,,,13:45,1.65,1.12,,N/A,N/A,1.65,1.12,946.44,946.44,N/M,N/M,,
,30-May-2017,,,,,,,,,,14:10,2.41,1.88,,N/A,N/A,2.41,1.88,945.68,945.68,N/M,N/M,,
,17-Oct-2017,,,,,,,,,,13:07,1.59,1.06,,N/A,N/A,1.59,1.06,946.50,946.50,N/M,N/M,,
,14-May-2018,,,,,,,,,,14:15,2.93,2.40,,N/A,N/A,2.93,2.40,945.16,945.16,12.60,N/M,,
,10-Oct-2018,,,,,,,,,,09:33,1.87,1.34,,N/A,N/A,1.87,1.34,946.22,946.22,N/M,N/M,,
,,,,,,,,,,,,,,,,,,,,,,,,
97-20,07-Jun-2016,950.65,950.95,0.30,6.00,944.65,3.00 - 6.00,947.65 - 944.65,N/A,N/A,13:55,2.950,2.650,2.900,0.050,0.040,2.910,2.610,948.000,948.040,5.22,N/M,645660.727,5867634.825
,18-Oct-2016,,,,,,,,,,14:30,1.49,1.19,,N/A,N/A,1.49,1.19,949.46,949.46,N/M,N/M,,
,30-May-2017,,,,,,,,,,11:35,1.390,1.090,1.389,0.001,0.001,1.389,1.089,949.560,949.561,N/M,N/M,,
,17-Oct-2017,,,,,,,,,,14:35,1.76,1.46,,N/A,N/A,1.76,1.46,949.19,949.19,5.26,N/M,,
,15-May-2018,,,,,,,,,,14:40,3.25,2.95,,N/A,N/A,3.25,2.95,947.70,947.70,N/M,N/M,,
,10-Oct-2018,,,,,,,,,,13:38,2.593,2.293,2.590,0.003,0.002,2.591,2.291,948.357,948.359,N/M,N/M,,
,,,,,,,,,,,,,,,,,,,,,,,,
01-22-2,07-Jun-2016,949.82,950.53,0.71,7.50,942.32,4.50 - 7.50,945.32 - 942.32,N/A,N/A,10:10,2.69,1.98,,N/A,N/A,2.69,1.98,947.84,947.84,8.15,N/M,645569.437,5867711.150
,18-Oct-2016,,,,,,,,,,12:50,2.23,1.52,,N/A,N/A,2.23,1.52,948.30,948.30,N/M,N/M,,
,30-May-2017,,,,,,,,,,13:55,2.10,1.39,,N/A,N/A,2.10,1.39,948.43,948.43,N/M,N/M,,
,17-Oct-2017,,,,,,,,,,13:20,1.77,1.06,,N/A,N/A,1.77,1.06,948.76,948.76,N/M,N/M,,
,15-May-2018,,,,,,,,,,16:05,2.15,1.44,,N/A,N/A,2.15,1.44,948.38,948.38,8.15,N/M,,
,10-Oct-2018,,,,,,,,,,14:57,1.62,0.91,,N/A,N/A,1.62,0.91,948.91,948.91,N/M,N/M,,
,,,,,,,,,,,,,,,,,,,,,,,,
05-49,07-Jun-2016,950.46,951.17,0.71,6.00,944.46,5.00 - 6.00,945.46 - 944.46,N/A,N/A,14:10,3.40,2.69,,N/A,N/A,3.40,2.69,947.77,947.77,6.61,N/M,645643.556,5867644.957
,18-Oct-2016,,,,,,,,,,15:45,2.00,1.29,,N/A,N/A,2.00,1.29,949.17,949.17,N/M,N/M,,
,30-May-2017,,,,,,,,,,12:50,1.96,1.25,,N/A,N/A,1.96,1.25,949.21,949.21,N/M,N/M,,
,17-Oct-2017,,,,,,,,,,14:32,2.25,1.54,,N/A,N/A,2.25,1.54,948.92,948.92,N/M,N/M,,
,15-May-2018,,,,,,,,,,15:05,3.75,3.04,,N/A,N/A,3.75,3.04,947.42,947.42,6.64,N/M,,
,10-Oct-2018,,,,,,,,,,13:50,3.16,2.45,,N/A,N/A,3.16,2.45,948.01,948.01,N/M,N/M,,
,,,,,,,,,,,,,,,,,,,,,,,,
05-50,07-Jun-2016,950.50,951.59,1.10,4.50,946.00,1.50 - 4.50,949.00 - 946.00,N/A,N/A,14:07,2.44,1.34,,N/A,N/A,2.44,1.34,949.15,949.15,5.29,N/M,645642.944,5867645.780
,18-Oct-2016,,,,,,,,,,15:30,2.03,0.93,,N/A,N/A,2.03,0.93,949.56,949.56,N/M,N/M,,
,30-May-2017,,,,,,,,,,13:00,1.47,0.37,,N/A,N/A,1.47,0.37,950.12,950.12,N/M,N/M,,
,17-Oct-2017,,,,,,,,,,14:35,2.02,0.92,,N/A,N/A,2.02,0.92,949.57,949.57,5.30,N/M,,
,15-May-2018,,,,,,,,,,15:10,3.18,2.08,,N/A,N/A,3.18,2.08,948.41,948.41,N/M,N/M,,
,10-Oct-2018,,,,,,,,,,13:55,2.17,1.07,,N/A,N/A,2.17,1.07,949.42,949.42,N/M,N/M,,
,,,,,,,,,,,,,,,,,,,,,,,,
05-51,07-Jun-2016,949.90,951.18,1.28,6.00,943.90,5.00 - 6.00,944.90 - 943.90,N/A,N/A,13:32,3.27,1.99,,N/A,N/A,3.27,1.99,947.91,947.91,5.64,N/M,645603.621,5867641.675
,18-Oct-2016,,,,,,,,,,14:10,2.47,1.19,,N/A,N/A,2.47,1.19,948.71,948.71,N/M,N/M,,
,30-May-2017,,,,,,,,,,11:10,2.12,0.84,,N/A,N/A,2.12,0.84,949.06,949.06,N/M,N/M,,
,17-Oct-2017,,,,,,,,,,14:10,2.39,1.11,,N/A,N/A,2.39,1.11,948.79,948.79,N/M,N/M,,
,15-May-2018,,,,,,,,,,14:25,3.48,2.20,,N/A,N/A,3.48,2.20,947.70,947.70,5.65,N/M,,
,10-Oct-2018,,,,,,,,,,13:10,2.77,1.49,,N/A,N/A,2.77,1.49,948.41,948.41,N/M,N/M,,
,12-Oct-2018,,,,,,,,,,---,3.50,2.22,,N/A,N/A,3.50,2.22,947.68,947.68,N/M,N/M,,
,,,,,,,,,,,,,,,,,,,,,,,,
05-52,07-Jun-2016,949.90,951.18,1.28,4.40,945.50,1.40 - 4.40,948.50 - 945.50,N/A,N/A,13:35,2.25,0.97,,N/A,N/A,2.25,0.97,948.93,948.93,4.86,N/M,645602.803,5867642.593
,18-Oct-2016,,,,,,,,,,14:12,1.64,0.36,,N/A,N/A,1.64,0.36,949.54,949.54,N/M,N/M,,
,30-May-2017,,,,,,,,,,11:15,1.58,0.30,,N/A,N/A,1.58,0.30,949.60,949.60,N/M,N/M,,
,17-Oct-2017,,,,,,,,,,14:05,1.77,0.49,,N/A,N/A,1.77,0.49,949.41,949.41,4.85,N/M,,
,15-May-2018,,,,,,,,,,14:20,2.70,1.42,,N/A,N/A,2.70,1.42,948.48,948.48,N/M,N/M,,
,10-Oct-2018,,,,,,,,,,13:15,1.68,0.40,,N/A,N/A,1.68,0.40,949.50,949.50,4.86,N/M,,
,12-Oct-2018,,,,,,,,,,---,1.94,0.66,,N/A,N/A,1.94,0.66,949.24,949.24,N/M,N/M,,
,,,,,,,,,,,,,,,,,,,,,,,,
05-53,07-Jun-2016,949.62,951.18,1.56,7.50,942.12,4.50 - 7.50,945.12 - 942.12,N/A,N/A,14:20,7.41,5.85,,N/A,N/A,7.41,5.85,943.77,943.77,8.37,N/M,645573.480,5867638.767
,18-Oct-2016,,,,,,,,,,14:05,6.37,4.81,,N/A,N/A,6.37,4.81,944.81,944.81,N/M,N/M,,
,30-May-2017,,,,,,,,,,10:05,4.69,3.13,,N/A,N/A,4.69,3.13,946.49,946.49,N/M,N/M,,
,17-Oct-2017,,,,,,,,,,13:55,5.28,3.72,,N/A,N/A,5.28,3.72,945.90,945.90,8.36,N/M,,
,15-May-2018,,,,,,,,,,14:00,7.05,5.49,,N/A,N/A,7.05,5.49,944.13,944.13,8.37,N/M,,
,10-Oct-2018,,,,,,,,,,13:05,6.88,5.32,,N/A,N/A,6.88,5.32,944.30,944.30,N/M,N/M,,
,,,,,,,,,,,,,,,,,,,,,,,,
05-54,07-Jun-2016,949.95,951.18,1.23,6.00,943.95,5.00 - 6.00,944.95 - 943.95,N/A,N/A,13:15,3.32,2.09,,N/A,N/A,3.32,2.09,947.86,947.86,6.70,N/M,645602.462,5867660.600
,18-Oct-2016,,,,,,,,,,15:50,2.65,1.42,,N/A,N/A,2.65,1.42,948.53,948.53,6.61,N/M,,
,30-May-2017,,,,,,,,,,13:20,2.20,0.97,,N/A,N/A,2.20,0.97,948.98,948.98,N/M,N/M,,
,17-Oct-2017,,,,,,,,,,15:50,2.44,1.21,,N/A,N/A,2.44,1.21,948.74,948.74,N/M,N/M,,
,15-May-2018,,,,,,,,,,13:30,3.38,2.15,,N/A,N/A,3.38,2.15,947.80,947.80,6.69,N/M,,
,11-Oct-2018,950.03,950.88,0.85,6.00,943.95,5.00 - 6.00,944.95 - 943.95,N/A,N/A,11:33,4.11,3.26,,N/A,N/A,4.11,3.26,946.77,946.77,N/M,N/M,645602.462,5867660.600
,12-Oct-2018,,,,,,,,,,---,3.83,2.98,,N/A,N/A,3.83,2.98,947.05,947.05,N/M,N/M,,
,,,,,,,,,,,,,,,,,,,,,,,,
05-56,07-Jun-2016,949.96,951.18,1.22,3.90,946.06,0.90 - 3.90,949.06 - 946.06,N/A,N/A,13:21,3.690,2.474,3.660,0.030,0.024,3.666,2.450,947.490,947.514,5.16,N/M,645602.632,5867657.507
,18-Oct-2016,,,,,,,,,,13:35,3.579,2.363,3.517,0.062,0.050,3.529,2.313,947.601,947.651,N/M,N/M,,
,30-May-2017,,,,,,,,,,13:25,3.150,1.934,3.040,0.110,0.088,3.062,1.846,948.030,948.118,N/M,N/M,,
,31-Aug-2017,,,,,,,,,,---,3.79,2.57,,N/A,N/A,3.79,2.57,947.39,947.39,N/M,N/M,,
,17-Oct-2017,,,,,,,,,,16:00,3.96,2.74,,N/A,N/A,3.96,2.74,947.22,947.22,5.16,N/M,,
,15-May-2018,,,,,,,,,,13:40,4.00,2.78,,N/A,N/A,4.00,2.78,947.18,947.18,N/M,N/M,,
,11-Oct-2018,950.03,950.90,0.87,3.90,946.06,0.90 - 3.90,949.06 - 946.06,N/A,N/A,11:29,3.84,2.97,,N/A,N/A,3.84,2.97,947.06,947.06,N/M,N/M,645602.632,5867657.507
,12-Oct-2018,,,,,,,,,,---,3.32,2.45,,N/A,N/A,3.32,2.45,947.58,947.58,N/M,N/M,,
,,,,,,,,,,,,,,,,,,,,,,,,
05-57,07-Jun-2016,950.26,951.20,0.93,4.50,945.76,1.50 - 4.50,948.76 - 945.76,N/A,N/A,14:15,2.39,1.46,,N/A,N/A,2.39,1.46,948.81,948.81,3.37,N/M,645633.806,5867660.485
,18-Oct-2016,,,,,,,,,,15:05,1.73,0.80,,N/A,N/A,1.73,0.80,949.47,949.47,3.32,N/M,,
,30-May-2017,,,,,,,,,,12:10,1.07,0.14,,N/A,N/A,1.07,0.14,950.13,950.13,N/M,N/M,,
,17-Oct-2017,,,,,,,,,,15:40,1.77,0.84,,N/A,N/A,1.77,0.84,949.43,949.43,3.35,N/M,,
,15-May-2018,,,,,,,,,,15:40,2.83,1.90,,N/A,N/A,2.83,1.90,948.37,948.37,N/M,N/M,,
,10-Oct-2018,,,,,,,,,,14:00,1.81,0.88,,N/A,N/A,1.81,0.88,949.39,949.39,N/M,N/M,,
,12-Oct-2018,,,,,,,,,,---,1.70,0.76,,N/A,N/A,1.70,0.76,949.50,949.50,N/M,N/M,,
,,,,,,,,,,,,,,,,,,,,,,,,
05-58,07-Jun-2016,950.89,951.92,1.04,4.50,946.39,1.50 - 4.50,949.39 - 946.39,N/A,N/A,14:20,2.71,1.67,,N/A,N/A,2.71,1.67,949.21,949.21,5.21,N/M,645659.277,5867664.637
,18-Oct-2016,,,,,,,,,,15:15,2.16,1.12,,N/A,N/A,2.16,1.12,949.76,949.76,N/M,N/M,,
,30-May-2017,,,,,,,,,,11:50,1.39,0.35,,N/A,N/A,1.39,0.35,950.53,950.53,N/M,N/M,,
,17-Oct-2017,,,,,,,,,,14:53,1.95,0.91,,N/A,N/A,1.95,0.91,949.97,949.97,5.20,N/M,,
,15-May-2018,,,,,,,,,,15:45,3.29,2.25,,N/A,N/A,3.29,2.25,948.63,948.63,N/M,N/M,,
,10-Oct-2018,,,,,,,,,,14:05,2.31,1.27,,N/A,N/A,2.31,1.27,949.61,949.61,N/M,N/M,,
,,,,,,,,,,,,,,,,,,,,,,,,
06-64,07-Jun-2016,951.21,952.19,0.98,5.00,946.21,2.00 - 5.00,949.21 - 946.21,N/A,N/A,10:56,3.70,2.72,,N/A,N/A,3.70,2.72,948.49,948.49,5.94,N/M,645638.050,5867716.983
,19-Oct-2016,,,,,,,,,,08:25,2.96,1.98,,N/A,N/A,2.96,1.98,949.23,949.23,N/M,N/M,,
,30-May-2017,,,,,,,,,,12:00,2.53,1.55,,N/A,N/A,2.53,1.55,949.66,949.66,N/M,N/M,,
,17-Oct-2017,,,,,,,,,,15:07,2.42,1.44,,N/A,N/A,2.42,1.44,949.77,949.77,5.88,N/M,,
,15-May-2018,,,,,,,,,,15:50,3.74,2.76,,N/A,N/A,3.74,2.76,948.45,948.45,N/M,N/M,,
,12-Oct-2018,,,,,,,,,,12:15,3.07,2.09,,N/A,N/A,3.07,2.09,949.12,949.12,N/M,N/M,,
,,,,,,,,,,,,,,,,,,,,,,,,
06-65,07-Jun-2016,951.56,952.46,0.91,5.00,946.56,2.00 - 5.00,949.56 - 946.56,N/A,N/A,14:40,3.38,2.47,,N/A,N/A,3.38,2.47,949.08,949.08,6.02,N/M,645670.677,5867687.532
,18-Oct-2016,,,,,,,,,,15:30,2.69,1.78,,N/A,N/A,2.69,1.78,949.77,949.77,5.94,N/M,,
,30-May-2017,,,,,,,,,,11:55,2.15,1.24,,N/A,N/A,2.15,1.24,950.31,950.31,N/M,N/M,,
,17-Oct-2017,,,,,,,,,,15:05,2.41,1.50,,N/A,N/A,2.41,1.50,950.05,950.05,6.01,N/M,,
,15-May-2018,,,,,,,,,,15:55,3.93,3.02,,N/A,N/A,3.93,3.02,948.53,948.53,N/M,N/M,,
,10-Oct-2018,,,,,,,,,,14:25,2.77,1.86,,N/A,N/A,2.77,1.86,949.69,949.69,6.02,N/M,,
,,,,,,,,,,,,,,,,,,,,,,,,
06-66,07-Jun-2016,950.29,951.28,1.00,5.40,944.89,2.40 - 5.40,947.89 - 944.89,N/A,N/A,14:30,3.440,2.444,3.435,0.005,0.004,3.436,2.440,947.843,947.847,5.63,N/M,645608.668,5867683.672
,19-Oct-2016,,,,,,,,,,08:30,2.855,1.859,2.850,0.005,0.004,2.851,1.855,948.428,948.432,N/M,N/M,,
,30-May-2017,,,,,,,,,,13:50,2.14,1.14,,N/A,N/A,2.14,1.14,949.14,949.14,N/M,N/M,,
,17-Oct-2017,,,,,,,,,,15:45,2.48,1.48,,N/A,N/A,2.48,1.48,948.80,948.80,5.62,N/M,,
,15-May-2018,,,,,,,,,,16:00,3.60,2.60,,N/A,N/A,3.60,2.60,947.68,947.68,N/M,N/M,,
,10-Oct-2018,,,,,,,,,,14:40,3.094,2.098,3.080,0.014,0.011,3.083,2.087,948.189,948.200,N/M,N/M,,
,12-Oct-2018,,,,,,,,,,---,3.39,2.39,,N/A,N/A,3.39,2.39,947.89,947.89,N/M,N/M,,
,,,,,,,,,,,,,,,,,,,,,,,,
,,,,,,,,,,,,,,,,,,,,,,,,
,,,,,,,,,,,,,,,,,,,,,,,,
96-4,07-Jun-2016,952.73,952.98,0.25,5.00,947.73,2.00 - 5.00,950.73 - 947.73,N/A,N/A,15:25,2.05,1.80,,N/A,N/A,2.05,1.80,950.93,950.93,7.12,N/M,645754.812,5867809.177
,19-Oct-2016,,,,,,,,,,11:06,1.51,1.26,,N/A,N/A,1.51,1.26,951.47,951.47,N/M,N/M,,
,31-May-2017,,,,,,,,,,11:00,1.61,1.36,,N/A,N/A,1.61,1.36,951.37,951.37,7.28,N/M,,
,18-Oct-2017,,,,,,,,,,16:20,1.75,1.50,,N/A,N/A,1.75,1.50,951.23,951.23,7.21,N/M,,
,16-May-2018,,,,,,,,,,11:20,2.46,2.21,,N/A,N/A,2.46,2.21,950.52,950.52,7.34,N/M,,
,11-Oct-2018,,,,,,,,,,09:25,1.57,1.32,,N/A,N/A,1.57,1.32,951.41,951.41,N/M,N/M,,
,26-Oct-2018,,,,,,,,,,---,1.80,1.55,,N/A,N/A,1.80,1.55,951.18,951.18,N/M,N/M,,
,,,,,,,,,,,,,,,,,,,,,,,,
96-5-2,07-Jun-2016,952.52,953.13,0.61,5.00,947.52,2.00 - 5.00,950.52 - 947.52,N/A,N/A,09:25,2.47,1.86,,N/A,N/A,2.47,1.86,950.66,950.66,6.76,N/M,645680.193,5867809.622
,18-Oct-2016,,,,,,,,,,10:45,1.83,1.22,,N/A,N/A,1.83,1.22,951.30,951.30,N/M,N/M,,
,30-May-2017,,,,,,,,,,16:05,2.01,1.40,,N/A,N/A,2.01,1.40,951.12,951.12,N/M,N/M,,
,18-Oct-2017,,,,,,,,,,14:05,1.94,1.33,,N/A,N/A,1.94,1.33,951.19,951.19,6.77,N/M,,
,16-May-2018,,,,,,,,,,08:20,3.05,2.44,,N/A,N/A,3.05,2.44,950.08,950.08,N/M,N/M,,
,10-Oct-2018,,,,,,,,,,13:00,1.92,1.31,,N/A,N/A,1.92,1.31,951.21,951.21,6.77,N/M,,
,,,,,,,,,,,,,,,,,,,,,,,,
96-7,07-Jun-2016,952.34,953.72,1.38,5.00,947.34,2.00 - 5.00,950.34 - 947.34,N/A,N/A,13:20,3.21,1.83,,N/A,N/A,3.21,1.83,950.51,950.51,7.17,N/M,645694.788,5867739.492
,19-Oct-2016,,,,,,,,,,10:50,5.56,4.18,,N/A,N/A,5.56,4.18,948.16,948.16,N/M,N/M,,
,30-May-2017,,,,,,,,,,15:15,2.49,1.11,,N/A,N/A,2.49,1.11,951.23,951.23,N/M,N/M,,
,18-Oct-2017,,,,,,,,,,14:15,2.66,1.28,,N/A,N/A,2.66,1.28,951.06,951.06,7.13,N/M,,
,16-May-2018,,,,,,,,,,08:10,3.48,2.10,,N/A,N/A,3.48,2.10,950.24,950.24,N/M,N/M,,
,10-Oct-2018,,,,,,,,,,15:40,2.73,1.35,,N/A,N/A,2.73,1.35,950.99,950.99,7.13,N/M,,
,,,,,,,,,,,,,,,,,,,,,,,,
96-13-2,06-Jun-2016,951.19,951.74,0.55,5.00,946.19,2.00 - 5.00,949.19 - 946.19,N/A,N/A,16:25,7.57,7.02,,N/A,N/A,7.57,7.02,944.17,944.17,7.73,N/M,645730.868,5867929.738
,18-Oct-2016,,,,,,,,,,10:37,5.37,4.82,,N/A,N/A,5.37,4.82,946.37,946.37,N/M,N/M,,
,29-May-2017,,,,,,,,,,13:20,5.03,4.48,,N/A,N/A,5.03,4.48,946.71,946.71,N/M,N/M,,
,18-Oct-2017,,,,,,,,,,17:20,5.17,4.62,,N/A,N/A,5.17,4.62,946.57,946.57,N/M,N/M,,
,16-May-2018,,,,,,,,,,10:35,5.36,4.81,,N/A,N/A,5.36,4.81,946.38,946.38,7.73,N/M,,
,10-Oct-2018,,,,,,,,,,11:05,4.81,4.26,,N/A,N/A,4.81,4.26,946.93,946.93,N/M,N/M,,
,,,,,,,,,,,,,,,,,,,,,,,,
01-38-2,07-Jun-2016,953.23,953.90,0.67,8.00,945.23,5.00 - 8.00,948.23 - 945.23,N/A,N/A,08:40,4.60,3.93,,N/A,N/A,4.60,3.93,949.30,949.30,8.45,N/M,645671.935,5867876.935
,18-Oct-2016,,,,,,,,,,10:10,2.36,1.69,,N/A,N/A,2.36,1.69,951.54,951.54,N/M,N/M,,
,31-May-2017,,,,,,,,,,16:40,2.08,1.41,,N/A,N/A,2.08,1.41,951.82,951.82,N/M,N/M,,
,18-Oct-2017,,,,,,,,,,17:45,N/M,N/M,,N/A,N/A,N/A,N/A,N/A,N/A,N/M,N/M,,
,17-May-2018,,,,,,,,,,09:10,4.10,3.43,,N/A,N/A,4.10,3.43,949.80,949.80,8.41,N/M,,
,12-Oct-2018,,,,,,,,,,10:25,2.50,1.83,,N/A,N/A,2.50,1.83,951.40,951.40,N/M,N/M,,
,,,,,,,,,,,,,,,,,,,,,,,,
,,,,,,,,,,,,,,,,,,,,,,,,
,,,,,,,,,,,,,,,,,,,,,,,,
96-8,07-Jun-2016,952.54,953.06,0.52,5.00,947.54,2.00 - 5.00,950.54 - 947.54,N/A,N/A,15:35,3.05,2.53,,N/A,N/A,3.05,2.53,950.01,950.01,7.78,N/M,645698.170,5867670.803
,19-Oct-2016,,,,,,,,,,09:05,2.41,1.89,,N/A,N/A,2.41,1.89,950.65,950.65,N/M,N/M,,
,31-May-2017,,,,,,,,,,08:45,1.93,1.41,,N/A,N/A,1.93,1.41,951.13,951.13,N/M,N/M,,
,17-Oct-2017,,,,,,,,,,15:27,2.26,1.74,,N/A,N/A,2.26,1.74,950.80,950.80,7.78,N/M,,
,15-May-2018,,,,,,,,,,15:40,3.80,3.28,,N/A,N/A,3.80,3.28,949.26,949.26,N/M,N/M,,
,10-Oct-2018,,,,,,,,,,14:15,2.83,2.31,,N/A,N/A,2.83,2.31,950.23,950.23,7.78,N/M,,
,,,,,,,,,,,,,,,,,,,,,,,,
97-19,07-Jun-2016,952.03,952.75,0.72,6.00,946.03,3.00 - 6.00,949.03 - 946.03,N/A,N/A,14:25,2.68,1.96,,N/A,N/A,2.68,1.96,950.07,950.07,6.55,N/M,645683.006,5867639.950
,18-Oct-2016,,,,,,,,,,14:50,1.76,1.04,,N/A,N/A,1.76,1.04,950.99,950.99,N/M,N/M,,
,30-May-2017,,,,,,,,,,16:55,1.79,1.07,,N/A,N/A,1.79,1.07,950.96,950.96,N/M,N/M,,
,17-Oct-2017,,,,,,,,,,15:15,2.13,1.41,,N/A,N/A,2.13,1.41,950.62,950.62,6.54,N/M,,
,15-May-2018,,,,,,,,,,15:45,3.16,2.44,,N/A,N/A,3.16,2.44,949.59,949.59,N/M,N/M,,
,10-Oct-2018,,,,,,,,,,13:30,2.41,1.69,,N/A,N/A,2.41,1.69,950.34,950.34,6.55,N/M,,
,,,,,,,,,,,,,,,,,,,,,,,,
TH6B,07-Jun-2016,953.30,953.60,0.30,3.40,949.90,3.20 - 3.40,950.10 - 949.90,N/A,N/A,17:10,> 2.24,> 1.94,,N/A,N/A,> 2.24,> 1.94,< 951.36,< 951.36,2.24,N/M,645811.000,5867641.000
,19-Oct-2016,,,,,,,,,,09:30,1.53,1.23,,N/A,N/A,1.53,1.23,952.07,952.07,N/M,N/M,,
,30-May-2017,,,,,,,,,,09:00,1.69,1.39,,N/A,N/A,1.69,1.39,951.91,951.91,N/M,N/M,,
,,,,,,,,,,,,,,,,,,,,,,,,
,,,,,,,,,,,,,,,,,,,,,,,,
,,,,,,,,,,,,,,,,,,,,,,,,
96-1,06-Jun-2016,952.56,953.10,0.54,6.50,946.06,3.50 - 6.50,949.06 - 946.06,N/A,N/A,16:00,6.16,5.62,,N/A,N/A,6.16,5.62,946.94,946.94,8.63,N/M,645849.626,5867739.616
,19-Oct-2016,,,,,,,,,,10:12,4.30,3.76,,N/A,N/A,4.30,3.76,948.80,948.80,N/M,N/M,,
,31-May-2017,,,,,,,,,,10:00,4.40,3.86,,N/A,N/A,4.40,3.86,948.70,948.70,N/M,N/M,,
,18-Oct-2017,,,,,,,,,,16:35,4.85,4.31,,N/A,N/A,4.85,4.31,948.25,948.25,N/M,N/M,,
,16-May-2018,,,,,,,,,,12:20,6.99,6.45,,N/A,N/A,6.99,6.45,946.11,946.11,8.62,N/M,,
,10-Oct-2018,,,,,,,,,,17:55,5.00,4.46,,N/A,N/A,5.00,4.46,948.10,948.10,N/M,N/M,,
,,,,,,,,,,,,,,,,,,,,,,,,
96-3,07-Jun-2016,952.41,952.87,0.46,7.00,945.41,3.90 - 7.00,948.51 - 945.41,N/A,N/A,16:30,3.41,2.95,,N/A,N/A,3.41,2.95,949.46,949.46,8.86,N/M,645818.705,5867807.413
,19-Oct-2016,,,,,,,,,,10:25,2.16,1.70,,N/A,N/A,2.16,1.70,950.71,950.71,N/M,N/M,,
,31-May-2017,,,,,,,,,,10:45,2.79,2.33,,N/A,N/A,2.79,2.33,950.08,950.08,8.87,N/M,,
,18-Oct-2017,,,,,,,,,,15:35,2.66,2.20,,N/A,N/A,2.66,2.20,950.21,950.21,8.87,N/M,,
,16-May-2018,,,,,,,,,,11:05,4.49,4.03,,N/A,N/A,4.49,4.03,948.38,948.38,8.86,N/M,,
,11-Oct-2018,,,,,,,,,,09:18,2.29,1.83,,N/A,N/A,2.29,1.83,950.58,950.58,8.86,N/M,,
,26-Oct-2018,,,,,,,,,,---,2.51,2.05,,N/A,N/A,2.51,2.05,950.36,950.36,N/M,N/M,,
,,,,,,,,,,,,,,,,,,,,,,,,
01-37-2,07-Jun-2016,951.21,951.70,0.49,7.00,944.21,3.45 - 7.00,947.76 - 944.21,N/A,N/A,08:50,4.42,3.93,,N/A,N/A,4.42,3.93,947.28,947.28,6.87,N/M,645805.773,5867874.962
,19-Oct-2016,,,,,,,,,,11:58,3.52,3.03,,N/A,N/A,3.52,3.03,948.18,948.18,N/M,N/M,,
,29-May-2017,,,,,,,,,,13:50,3.89,3.40,,N/A,N/A,3.89,3.40,947.81,947.81,N/M,N/M,,
,17-Oct-2017,,,,,,,,,,13:45,3.61,3.12,,N/A,N/A,3.61,3.12,948.09,948.09,6.94,N/M,,
,16-May-2018,,,,,,,,,,09:50,5.45,4.96,,N/A,N/A,5.45,4.96,946.25,946.25,6.94,N/M,,
,09-Oct-2018,,,,,,,,,,13:35,3.34,2.85,,N/A,N/A,3.34,2.85,948.36,948.36,N/M,N/M,,
,,,,,,,,,,,,,,,,,,,,,,,,
06-61,07-Jun-2016,951.97,952.96,0.99,5.80,946.17,2.80 - 5.80,949.17 - 946.17,N/A,N/A,08:10,4.77,3.78,,N/A,N/A,4.77,3.78,948.19,948.19,6.73,N/M,645851.026,5867822.418
,19-Oct-2016,,,,,,,,,,11:37,3.51,2.52,,N/A,N/A,3.51,2.52,949.45,949.45,N/M,N/M,,
,31-May-2017,,,,,,,,,,10:30,4.46,3.47,,N/A,N/A,4.46,3.47,948.50,948.50,N/M,N/M,,
,18-Oct-2017,,,,,,,,,,15:50,4.07,3.08,,N/A,N/A,4.07,3.08,948.89,948.89,6.71,N/M,,
,16-May-2018,,,,,,,,,,10:55,6.23,5.24,,N/A,N/A,6.23,5.24,946.73,946.73,N/M,N/M,,
,11-Oct-2018,,,,,,,,,,09:10,3.92,2.93,,N/A,N/A,3.92,2.93,949.04,949.04,6.74,N/M,,
,,,,,,,,,,,,,,,,,,,,,,,,
12-1,07-Jun-2016,952.69,953.56,0.87,4.30,948.39,1.30 - 4.30,951.39 - 948.39,N/A,N/A,15:10,2.08,1.21,,N/A,N/A,2.08,1.21,951.48,951.48,5.27,N/M,645775.317,5867756.638
,19-Oct-2016,,,,,,,,,,10:35,1.70,0.83,,N/A,N/A,1.70,0.83,951.86,951.86,N/M,N/M,,
,31-May-2017,,,,,,,,,,11:45,1.62,0.75,,N/A,N/A,1.62,0.75,951.94,951.94,4.37,N/M,,
,18-Oct-2017,,,,,,,,,,14:55,1.81,0.94,,N/A,N/A,1.81,0.94,951.75,951.75,4.37,N/M,,
,16-May-2018,,,,,,,,,,11:35,2.71,1.84,,N/A,N/A,2.71,1.84,950.85,950.85,N/M,N/M,,
,11-Oct-2018,,,,,,,,,,10:03,1.61,0.74,,N/A,N/A,1.61,0.74,951.95,951.95,N/M,N/M,,
,26-Oct-2018,,,,,,,,,,---,1.75,0.88,,N/A,N/A,1.75,0.88,951.81,951.81,N/M,N/M,,
,,,,,,,,,,,,,,,,,,,,,,,,
13-01,07-Jun-2016,952.58,953.32,0.73,4.50,948.08,1.50 - 4.50,951.08 - 948.08,N/A,N/A,15:05,2.12,1.39,,N/A,N/A,2.12,1.39,951.20,951.20,5.55,N/M,645805.438,5867759.995
,19-Oct-2016,,,,,,,,,,10:25,1.59,0.86,,N/A,N/A,1.59,0.86,951.73,951.73,N/M,N/M,,
,31-May-2017,,,,,,,,,,11:40,1.71,0.98,,N/A,N/A,1.71,0.98,951.61,951.61,5.57,N/M,,
,18-Oct-2017,,,,,,,,,,15:20,1.93,1.20,,N/A,N/A,1.93,1.20,951.39,951.39,5.56,N/M,,
,16-May-2018,,,,,,,,,,12:25,2.96,2.23,,N/A,N/A,2.96,2.23,950.36,950.36,5.56,N/M,,
,11-Oct-2018,,,,,,,,,,10:15,1.62,0.89,,N/A,N/A,1.62,0.89,951.70,951.70,5.56,N/M,,
,26-Oct-2018,,,,,,,,,,---,1.82,1.09,,N/A,N/A,1.82,1.09,951.50,951.50,N/M,N/M,,
,,,,,,,,,,,,,,,,,,,,,,,,
13-02,07-Jun-2016,958.80,959.69,0.89,4.50,954.30,1.50 - 4.50,957.30 - 954.30,N/A,N/A,15:20,2.00,1.11,,N/A,N/A,2.00,1.11,957.69,957.69,6.13,N/M,645751.382,5867764.979
,19-Oct-2016,,,,,,,,,,10:37,1.61,0.72,,N/A,N/A,1.61,0.72,958.08,958.08,N/M,N/M,,
,31-May-2017,,,,,,,,,,11:10,1.64,0.75,,N/A,N/A,1.64,0.75,958.05,958.05,6.15,N/M,,
,18-Oct-2017,,,,,,,,,,14:45,1.88,0.99,,N/A,N/A,1.88,0.99,957.81,957.81,6.14,N/M,,
,16-May-2018,,,,,,,,,,12:30,2.45,1.56,,N/A,N/A,2.45,1.56,957.24,957.24,6.13,N/M,,
,11-Oct-2018,952.45,953.41,0.96,4.50,954.30,1.50 - 4.50,957.30 - 954.30,N/A,N/A,10:30,1.63,0.68,,N/A,N/A,1.63,0.68,951.78,951.78,N/M,N/M,645751.382,5867764.979
,26-Oct-2018,,,,,,,,,,---,3.02,2.07,,N/A,N/A,3.02,2.07,950.39,950.39,N/M,N/M,,
,,,,,,,,,,,,,,,,,,,,,,,,
13-03,07-Jun-2016,952.61,953.57,0.96,4.50,948.11,1.50 - 4.50,951.11 - 948.11,N/A,N/A,15:15,2.33,1.37,,N/A,N/A,2.33,1.37,951.24,951.24,5.56,N/M,645757.023,5867728.151
,19-Oct-2016,,,,,,,,,,10:43,1.66,0.70,,N/A,N/A,1.66,0.70,951.91,951.91,N/M,N/M,,
,31-May-2017,,,,,,,,,,11:00,1.68,0.72,,N/A,N/A,1.68,0.72,951.89,951.89,5.57,N/M,,
,18-Oct-2017,,,,,,,,,,14:30,1.81,0.85,,N/A,N/A,1.81,0.85,951.76,951.76,5.56,N/M,,
,16-May-2018,,,,,,,,,,12:40,2.92,1.96,,N/A,N/A,2.92,1.96,950.65,950.65,5.56,N/M,,
,11-Oct-2018,,,,,,,,,,10:00,1.59,0.63,,N/A,N/A,1.59,0.63,951.98,951.98,N/M,N/M,,
,26-Oct-2018,,,,,,,,,,---,1.86,0.90,,N/A,N/A,1.86,0.90,951.71,951.71,N/M,N/M,,
,,,,,,,,,,,,,,,,,,,,,,,,
,,,,,,,,,,,,,,,,,,,,,,,,
,,,,,,,,,,,,,,,,,,,,,,,,
04-46-3,06-Jun-2016,953.03,953.72,0.69,6.00,947.03,3.00 - 6.00,950.03 - 947.03,N/A,N/A,15:30,3.10,2.41,,N/A,N/A,3.10,2.41,950.62,950.62,6.75,N/M,645619.436,5867930.462
,18-Oct-2016,,,,,,,,,,11:04,1.53,0.84,,N/A,N/A,1.53,0.84,952.19,952.19,N/M,N/M,,
,29-May-2017,,,,,,,,,,13:50,2.43,1.74,,N/A,N/A,2.43,1.74,951.29,951.29,N/M,N/M,,
,18-Oct-2017,,,,,,,,,,17:25,1.77,1.08,,N/A,N/A,1.77,1.08,951.95,951.95,6.75,N/M,,
,16-May-2018,,,,,,,,,,08:45,2.96,2.27,,N/A,N/A,2.96,2.27,950.76,950.76,N/M,N/M,,
,10-Oct-2018,,,,,,,,,,00:12,1.76,1.07,,N/A,N/A,1.76,1.07,951.96,951.96,6.75,N/M,,
,,,,,,,,,,,,,,,,,,,,,,,,
TH2,06-Jun-2016,952.54,953.54,1.00,8.05,944.49,7.45 - 8.05,945.09 - 944.49,N/A,N/A,15:45,7.80,6.80,,N/A,N/A,7.80,6.80,945.74,945.74,8.80,N/M,645632.264,5867969.591
,18-Oct-2016,,,,,,,,,,10:50,8.35,7.35,,N/A,N/A,8.35,7.35,945.19,945.19,N/M,N/M,,
,29-May-2017,,,,,,,,,,14:25,8.20,7.20,,N/A,N/A,8.20,7.20,945.34,945.34,N/M,N/M,,
,18-Oct-2017,,,,,,,,,,17:40,7.90,6.90,,N/A,N/A,7.90,6.90,945.64,945.64,N/M,N/M,,
,16-May-2018,,,,,,,,,,09:00,7.66,6.66,,N/A,N/A,7.66,6.66,945.88,945.88,8.88,N/M,,
,10-Oct-2018,,,,,,,,,,11:48,8.18,7.18,,N/A,N/A,8.18,7.18,945.36,945.36,N/M,N/M,,
,,,,,,,,,,,,,,,,,,,,,,,,
,,,,,,,,,,,,,,,,,,,,,,,,
,,,,,,,,,,,,,,,,,,,,,,,,
04-44-3,07-Jun-2016,950.79,951.34,0.55,6.00,944.79,4.50 - 6.00,946.29 - 944.79,N/A,N/A,15:35,4.70,4.15,,N/A,N/A,4.70,4.15,946.64,946.64,6.73,N/M,645895.610,5867660.724
,19-Oct-2016,,,,,,,,,,09:35,1.78,1.23,,N/A,N/A,1.78,1.23,949.56,949.56,N/M,N/M,,
,31-May-2017,,,,,,,,,,09:35,2.21,1.66,,N/A,N/A,2.21,1.66,949.13,949.13,N/M,N/M,,
,18-Oct-2017,,,,,,,,,,09:36,3.27,2.72,,N/A,N/A,3.27,2.72,948.07,948.07,6.71,N/M,,
,14-May-2018,,,,,,,,,,16:30,5.69,5.14,,N/A,N/A,5.69,5.14,945.65,945.65,6.62,N/M,,
,10-Oct-2018,,,,,,,,,,08:55,4.04,3.49,,N/A,N/A,4.04,3.49,947.30,947.30,N/M,N/M,,
,,,,,,,,,,,,,,,,,,,,,,,,
,,,,,,,,,,,,,,,,,,,,,,,,
,,,,,,,,,,,,,,,,,,,,,,,,
97-15,08-Jun-2016,941.83,942.32,0.49,9.00,932.83,4.50 - 9.00,937.33 - 932.83,N/A,N/A,12:16,7.92,7.43,,N/A,N/A,7.92,7.43,934.40,934.40,9.64,N/M,645498.858,5867570.390
,18-Oct-2016,,,,,,,,,,14:10,6.61,6.12,,N/A,N/A,6.61,6.12,935.71,935.71,N/M,N/M,,
,30-May-2017,,,,,,,,,,08:45,5.80,5.31,,N/A,N/A,5.80,5.31,936.52,936.52,N/M,N/M,,
,18-Oct-2017,,,,,,,,,,10:55,6.24,5.75,,N/A,N/A,6.24,5.75,936.08,936.08,N/M,N/M,,
,15-May-2018,,,,,,,,,,10:20,6.63,6.14,,N/A,N/A,6.63,6.14,935.69,935.69,9.66,N/M,,
,09-Oct-2018,,,,,,,,,,14:50,7.43,6.94,,N/A,N/A,7.43,6.94,934.89,934.89,N/M,N/M,,
,,,,,,,,,,,,,,,,,,,,,,,,
97-17,08-Jun-2016,950.08,950.48,0.40,6.00,944.08,3.00 - 6.00,947.08 - 944.08,N/A,N/A,13:45,4.56,4.16,,N/A,N/A,4.56,4.16,945.92,945.92,6.10,N/M,645625.483,5867569.257
,19-Oct-2016,,,,,,,,,,08:35,2.19,1.79,,N/A,N/A,2.19,1.79,948.29,948.29,N/M,N/M,,
,30-May-2017,,,,,,,,,,09:45,1.43,1.03,,N/A,N/A,1.43,1.03,949.05,949.05,N/M,N/M,,
,18-Oct-2017,,,,,,,,,,10:20,2.91,2.51,,N/A,N/A,2.91,2.51,947.57,947.57,6.11,N/M,,
,15-May-2018,,,,,,,,,,09:35,4.19,3.79,,N/A,N/A,4.19,3.79,946.29,946.29,6.11,N/M,,
,09-Oct-2018,,,,,,,,,,12:35,4.45,4.05,,N/A,N/A,4.45,4.05,946.03,946.03,N/M,N/M,,
,,,,,,,,,,,,,,,,,,,,,,,,
97-29,08-Jun-2016,941.49,942.12,0.63,9.00,932.49,6.00 - 9.00,935.49 - 932.49,N/A,N/A,12:27,7.13,6.50,,N/A,N/A,7.13,6.50,934.99,934.99,9.77,N/M,645492.735,5867495.976
,18-Oct-2016,,,,,,,,,,14:30,5.70,5.07,,N/A,N/A,5.70,5.07,936.42,936.42,N/M,N/M,,
,30-May-2017,,,,,,,,,,08:50,4.98,4.35,,N/A,N/A,4.98,4.35,937.14,937.14,N/M,N/M,,
,18-Oct-2017,,,,,,,,,,11:05,5.46,4.83,,N/A,N/A,5.46,4.83,936.66,936.66,N/M,N/M,,
,15-May-2018,,,,,,,,,,10:40,6.33,5.70,,N/A,N/A,6.33,5.70,935.79,935.79,9.74,N/M,,
,09-Oct-2018,,,,,,,,,,15:12,6.49,5.86,,N/A,N/A,6.49,5.86,935.63,935.63,N/M,N/M,,
,,,,,,,,,,,,,,,,,,,,,,,,
97-33,08-Jun-2016,953.14,953.82,0.68,6.00,947.14,3.00 - 6.00,950.14 - 947.14,N/A,N/A,13:40,> 6.36,> 5.68,,N/A,N/A,> 6.36,> 5.68,< 947.46,< 947.46,6.36,N/M,645700.019,5867561.016
,18-Oct-2016,,,,,,,,,,15:35,2.96,2.28,,N/A,N/A,2.96,2.28,950.86,950.86,N/M,N/M,,
,30-May-2017,,,,,,,,,,09:40,3.42,2.74,,N/A,N/A,3.42,2.74,950.40,950.40,N/M,N/M,,
,18-Oct-2017,,,,,,,,,,10:45,4.02,3.34,,N/A,N/A,4.02,3.34,949.80,949.80,N/M,N/M,,
,15-May-2018,,,,,,,,,,09:25,6.32,5.64,,N/A,N/A,6.32,5.64,947.50,947.50,6.36,N/M,,
,09-Oct-2018,,,,,,,,,,16:35,> 6.36,> 5.68,,N/A,N/A,> 6.36,> 5.68,< 947.46,< 947.46,6.36,N/M,,
,,,,,,,,,,,,,,,,,,,,,,,,
17-2,18-Oct-2017,950.44,951.11,0.67,6.00,944.44,1.50 - 6.00,948.94 - 944.44,1.30 - 6.00,949.14 - 944.44,10:35,2.58,1.91,,N/A,N/A,2.58,1.91,948.53,948.53,6.73,N/M,645645.000,5867599.670
,15-May-2018,,,,,,,,,,09:15,4.34,3.67,,N/A,N/A,4.34,3.67,946.77,946.77,6.69,N/M,,
,09-Oct-2018,,,,,,,,,,15:00,4.20,3.53,,N/A,N/A,4.20,3.53,946.91,946.91,6.74,N/M,,
,,,,,,,,,,,,,,,,,,,,,,,,
,,,,,,,,,,,,,,,,,,,,,,,,
,,,,,,,,,,,,,,,,,,,,,,,,
,,,,,,,,,,,,,,,,,,,,,,,,
04-47-2,06-Jun-2016,952.97,953.47,0.50,14.20,938.77,13.00 - 14.20,939.97 - 938.77,N/A,N/A,14:20,9.92,9.42,,N/A,N/A,9.92,9.42,943.55,943.55,14.98,N/M,645464.338,5867882.073
,18-Oct-2016,,,,,,,,,,12:22,8.22,7.72,,N/A,N/A,8.22,7.72,945.25,945.25,N/M,N/M,,
,29-May-2017,,,,,,,,,,15:33,8.39,7.89,,N/A,N/A,8.39,7.89,945.08,945.08,N/M,N/M,,
,17-Oct-2017,,,,,,,,,,12:26,8.68,8.18,,N/A,N/A,8.68,8.18,944.79,944.79,14.98,N/M,,
,14-May-2018,,,,,,,,,,14:45,9.79,9.29,,N/A,N/A,9.79,9.29,943.68,943.68,14.99,N/M,,
,10-Oct-2018,,,,,,,,,,09:48,9.84,9.34,,N/A,N/A,9.84,9.34,943.63,943.63,N/M,N/M,,
,,,,,,,,,,,,,,,,,,,,,,,,
,,,,,,,,,,,,,,,,,,,,,,,,
,,,,,,,,,,,,,,,,,,,,,,,,
96-12-1,06-Jun-2016,950.70,951.35,0.65,12.00,938.70,9.00 - 12.00,941.70 - 938.70,N/A,N/A,13:30,8.84,8.19,,N/A,N/A,8.84,8.19,942.51,942.51,12.56,N/M,645466.113,5867811.902
,18-Oct-2016,,,,,,,,,,12:14,6.35,5.70,,N/A,N/A,6.35,5.70,945.00,945.00,N/M,N/M,,
,29-May-2017,,,,,,,,,,15:52,6.74,6.09,,N/A,N/A,6.74,6.09,944.61,944.61,N/M,N/M,,
,17-Oct-2017,,,,,,,,,,12:15,7.00,6.35,,N/A,N/A,7.00,6.35,944.35,944.35,N/M,N/M,,
,14-May-2018,,,,,,,,,,14:30,8.31,7.66,,N/A,N/A,8.31,7.66,943.04,943.04,12.56,N/M,,
,10-Oct-2018,,,,,,,,,,09:44,8.61,7.96,,N/A,N/A,8.61,7.96,942.74,942.74,N/M,N/M,,
,,,,,,,,,,,,,,,,,,,,,,,,
01-6,07-Jun-2016,951.80,952.06,0.26,12.50,939.30,9.50 - 12.50,942.30 - 939.30,8.30 - 12.50,943.50 - 939.30,11:15,5.21,4.95,,N/A,N/A,5.21,4.95,946.85,946.85,12.71,N/M,645616.647,5867784.120
,18-Oct-2016,,,,,,,,,,11:25,2.87,2.61,,N/A,N/A,2.87,2.61,949.19,949.19,N/M,N/M,,
,30-May-2017,,,,,,,,,,15:10,3.26,3.00,,N/A,N/A,3.26,3.00,948.80,948.80,12.72,N/M,,
,18-Oct-2017,,,,,,,,,,13:35,3.17,2.91,,N/A,N/A,3.17,2.91,948.89,948.89,12.71,N/M,,
,15-May-2018,,,,,,,,,,17:05,5.35,5.09,,N/A,N/A,5.35,5.09,946.71,946.71,12.71,N/M,,
,10-Oct-2018,,,,,,,,,,16:10,4.58,4.32,,N/A,N/A,4.58,4.32,947.48,947.48,12.73,N/M,,
,,,,,,,,,,,,,,,,,,,,,,,,
01-21,07-Jun-2016,951.14,951.64,0.50,12.00,939.14,9.00 - 12.00,942.14 - 939.14,N/A,N/A,13:30,5.64,5.14,,N/A,N/A,5.64,5.14,946.00,946.00,12.12,N/M,645607.793,5867740.539
,18-Oct-2016,,,,,,,,,,11:35,3.80,3.30,,N/A,N/A,3.80,3.30,947.84,947.84,N/M,N/M,,
,30-May-2017,,,,,,,,,,14:30,4.06,3.56,,N/A,N/A,4.06,3.56,947.58,947.58,N/M,N/M,,
,18-Oct-2017,,,,,,,,,,12:45,3.91,3.41,,N/A,N/A,3.91,3.41,947.73,947.73,12.23,N/M,,
,15-May-2018,,,,,,,,,,16:30,5.76,5.26,,N/A,N/A,5.76,5.26,945.88,945.88,N/M,N/M,,
,10-Oct-2018,,,,,,,,,,15:07,5.31,4.81,,N/A,N/A,5.31,4.81,946.33,946.33,12.12,N/M,,
,,,,,,,,,,,,,,,,,,,,,,,,
04-42-2,06-Jun-2016,948.94,949.67,0.73,15.60,933.34,14.60 - 15.60,934.34 - 933.34,N/A,N/A,13:10,11.58,10.85,,N/A,N/A,11.58,10.85,938.09,938.09,16.29,N/M,645468.863,5867759.085
,18-Oct-2016,,,,,,,,,,12:01,9.00,8.27,,N/A,N/A,9.00,8.27,940.67,940.67,N/M,N/M,,
,29-May-2017,,,,,,,,,,15:13,8.91,8.18,,N/A,N/A,8.91,8.18,940.76,940.76,N/M,N/M,,
,17-Oct-2017,,,,,,,,,,12:02,9.67,8.94,,N/A,N/A,9.67,8.94,940.00,940.00,16.30,N/M,,
,14-May-2018,,,,,,,,,,14:22,10.62,9.89,,N/A,N/A,10.62,9.89,939.05,939.05,16.23,N/M,,
,10-Oct-2018,,,,,,,,,,09:35,11.32,10.59,,N/A,N/A,11.32,10.59,938.35,938.35,N/M,N/M,,
,,,,,,,,,,,,,,,,,,,,,,,,
04-42-3,06-Jun-2016,948.97,949.64,0.67,8.10,940.87,5.10 - 8.10,943.87 - 940.87,N/A,N/A,13:15,7.09,6.42,,N/A,N/A,7.09,6.42,942.55,942.55,8.96,N/M,645468.696,5867761.939
,18-Oct-2016,,,,,,,,,,12:00,3.53,2.86,,N/A,N/A,3.53,2.86,946.11,946.11,N/M,N/M,,
,29-May-2017,,,,,,,,,,15:16,4.07,3.40,,N/A,N/A,4.07,3.40,945.57,945.57,N/M,N/M,,
,17-Oct-2017,,,,,,,,,,12:05,4.22,3.55,,N/A,N/A,4.22,3.55,945.42,945.42,8.97,N/M,,
,14-May-2018,,,,,,,,,,14:25,4.14,3.47,,N/A,N/A,4.14,3.47,945.50,945.50,8.98,N/M,,
,10-Oct-2018,,,,,,,,,,09:38,5.48,4.81,,N/A,N/A,5.48,4.81,944.16,944.16,N/M,N/M,,
,,,,,,,,,,,,,,,,,,,,,,,,
,,,,,,,,,,,,,,,,,,,,,,,,
,,,,,,,,,,,,,,,,,,,,,,,,
96-10-1,07-Jun-2016,949.17,949.73,0.56,18.00,931.17,15.00 - 18.00,934.17 - 931.17,N/A,N/A,14:05,16.36,15.80,,N/A,N/A,16.36,15.80,933.37,933.37,18.86,N/M,645556.795,5867631.505
,18-Oct-2016,,,,,,,,,,13:05,15.02,14.46,,N/A,N/A,15.02,14.46,934.71,934.71,N/M,N/M,,
,30-May-2017,,,,,,,,,,10:35,14.48,13.92,,N/A,N/A,14.48,13.92,935.25,935.25,N/M,N/M,,
,17-Oct-2017,,,,,,,,,,13:50,14.12,13.56,,N/A,N/A,14.12,13.56,935.61,935.61,N/M,N/M,,
,15-May-2018,,,,,,,,,,14:10,15.54,14.98,,N/A,N/A,15.54,14.98,934.19,934.19,18.87,N/M,,
,09-Oct-2018,,,,,,,,,,17:40,15.93,15.37,,N/A,N/A,15.93,15.37,933.80,933.80,N/M,N/M,,
,,,,,,,,,,,,,,,,,,,,,,,,
96-10-2,07-Jun-2016,949.07,949.69,0.62,9.00,940.07,6.00 - 9.00,943.07 - 940.07,N/A,N/A,14:00,7.27,6.65,,N/A,N/A,7.27,6.65,942.42,942.42,9.74,N/M,645558.806,5867632.446
,18-Oct-2016,,,,,,,,,,13:50,6.01,5.39,,N/A,N/A,6.01,5.39,943.68,943.68,N/M,N/M,,
,30-May-2017,,,,,,,,,,10:25,4.94,4.32,,N/A,N/A,4.94,4.32,944.75,944.75,N/M,N/M,,
,17-Oct-2017,,,,,,,,,,13:47,5.44,4.82,,N/A,N/A,5.44,4.82,944.25,944.25,9.74,N/M,,
,15-May-2018,,,,,,,,,,14:15,6.93,6.31,,N/A,N/A,6.93,6.31,942.76,942.76,N/M,N/M,,
,09-Oct-2018,,,,,,,,,,17:45,7.07,6.45,,N/A,N/A,7.07,6.45,942.62,942.62,9.74,N/M,,
,,,,,,,,,,,,,,,,,,,,,,,,
97-23-2,06-Jun-2016,941.36,941.98,0.62,6.00,935.36,3.00 - 6.00,938.36 - 935.36,N/A,N/A,12:40,1.92,1.30,,N/A,N/A,1.92,1.30,940.06,940.06,6.42,N/M,645471.456,5867631.737
,18-Oct-2016,,,,,,,,,,11:30,1.30,0.68,,N/A,N/A,1.30,0.68,940.68,940.68,N/M,N/M,,
,29-May-2017,,,,,,,,,,15:05,1.54,0.92,,N/A,N/A,1.54,0.92,940.44,940.44,N/M,N/M,,
,17-Oct-2017,,,,,,,,,,11:48,1.39,0.77,,N/A,N/A,1.39,0.77,940.59,940.59,N/M,N/M,,
,14-May-2018,,,,,,,,,,01:15,1.46,0.84,,N/A,N/A,1.46,0.84,940.52,940.52,6.42,N/M,,
,10-Oct-2018,,,,,,,,,,09:59,1.40,0.78,,N/A,N/A,1.40,0.78,940.58,940.58,N/M,N/M,,
,,,,,,,,,,,,,,,,,,,,,,,,
01-20,07-Jun-2016,950.65,951.29,0.64,11.00,939.65,8.00 - 11.00,942.65 - 939.65,N/A,N/A,13:50,5.09,4.45,,N/A,N/A,5.09,4.45,946.20,946.20,11.81,N/M,645662.433,5867634.846
,18-Oct-2016,,,,,,,,,,14:50,3.06,2.42,,N/A,N/A,3.06,2.42,948.23,948.23,N/M,N/M,,
,30-May-2017,,,,,,,,,,11:30,2.98,2.34,,N/A,N/A,2.98,2.34,948.31,948.31,N/M,N/M,,
,17-Oct-2017,,,,,,,,,,14:40,3.17,2.53,,N/A,N/A,3.17,2.53,948.12,948.12,11.80,N/M,,
,15-May-2018,,,,,,,,,,14:55,5.19,4.55,,N/A,N/A,5.19,4.55,946.10,946.10,11.81,N/M,,
,10-Oct-2018,,,,,,,,,,13:35,4.93,4.29,,N/A,N/A,4.93,4.29,946.36,946.36,N/M,N/M,,
,,,,,,,,,,,,,,,,,,,,,,,,
01-22-1,07-Jun-2016,949.82,950.48,0.66,11.60,938.22,8.60 - 11.60,941.22 - 938.22,N/A,N/A,10:15,6.89,6.23,,N/A,N/A,6.89,6.23,943.59,943.59,12.18,N/M,645567.715,5867710.702
,18-Oct-2016,,,,,,,,,,12:55,4.91,4.25,,N/A,N/A,4.91,4.25,945.57,945.57,N/M,N/M,,
,30-May-2017,,,,,,,,,,13:57,5.04,4.38,,N/A,N/A,5.04,4.38,945.44,945.44,N/M,N/M,,
,17-Oct-2017,,,,,,,,,,13:16,4.96,4.30,,N/A,N/A,4.96,4.30,945.52,945.52,N/M,N/M,,
,15-May-2018,,,,,,,,,,16:00,6.63,5.97,,N/A,N/A,6.63,5.97,943.85,943.85,12.18,N/M,,
,10-Oct-2018,,,,,,,,,,14:55,6.14,5.48,,N/A,N/A,6.14,5.48,944.34,944.34,N/M,N/M,,
,,,,,,,,,,,,,,,,,,,,,,,,
05-55,07-Jun-2016,949.96,951.18,1.22,12.00,937.96,9.00 - 12.00,940.96 - 937.96,N/A,N/A,13:18,5.30,4.08,,N/A,N/A,5.30,4.08,945.88,945.88,12.60,N/M,645602.632,5867657.507
,19-Oct-2016,,,,,,,,,,08:50,3.77,2.55,,N/A,N/A,3.77,2.55,947.41,947.41,N/M,N/M,,
,30-May-2017,,,,,,,,,,13:23,3.45,2.23,,N/A,N/A,3.45,2.23,947.73,947.73,N/M,N/M,,
,17-Oct-2017,,,,,,,,,,15:50,3.66,2.44,,N/A,N/A,3.66,2.44,947.52,947.52,12.57,N/M,,
,15-May-2018,,,,,,,,,,13:35,5.32,4.10,,N/A,N/A,5.32,4.10,945.86,945.86,N/M,N/M,,
,11-Oct-2018,950.03,950.86,0.83,12.00,937.96,9.00 - 12.00,940.96 - 937.96,N/A,N/A,11:23,7.09,6.26,,N/A,N/A,7.09,6.26,943.77,943.77,N/M,N/M,645602.632,5867657.507
,12-Oct-2018,,,,,,,,,,---,6.88,6.05,,N/A,N/A,6.88,6.05,943.98,943.98,N/M,N/M,,
,,,,,,,,,,,,,,,,,,,,,,,,
,,,,,,,,,,,,,,,,,,,,,,,,
,,,,,,,,,,,,,,,,,,,,,,,,
96-5-1,07-Jun-2016,952.50,953.23,0.73,13.00,939.50,10.00 - 13.00,942.50 - 939.50,N/A,N/A,09:30,8.39,7.66,,N/A,N/A,8.39,7.66,944.84,944.84,14.21,N/M,645669.422,5867805.151
,18-Oct-2016,,,,,,,,,,10:30,6.96,6.23,,N/A,N/A,6.96,6.23,946.27,946.27,N/M,N/M,,
,30-May-2017,,,,,,,,,,16:00,7.05,6.32,,N/A,N/A,7.05,6.32,946.18,946.18,N/M,N/M,,
,18-Oct-2017,,,,,,,,,,16:00,7.10,6.37,,N/A,N/A,7.10,6.37,946.13,946.13,14.22,N/M,,
,16-May-2018,,,,,,,,,,08:15,8.640,7.910,8.120,0.520,0.416,8.224,7.494,944.590,945.006,N/M,N/M,,
,10-Oct-2018,,,,,,,,,,12:33,8.260,7.530,7.660,0.600,0.480,7.780,7.050,944.970,945.450,N/M,N/M,,
,,,,,,,,,,,,,,,,,,,,,,,,
01-7,07-Jun-2016,952.32,952.77,0.45,12.00,940.32,9.00 - 12.00,943.32 - 940.32,N/A,N/A,12:30,6.82,6.37,,N/A,N/A,6.82,6.37,945.95,945.95,12.18,N/M,645697.019,5867738.909
,19-Oct-2016,,,,,,,,,,10:48,5.99,5.54,,N/A,N/A,5.99,5.54,946.78,946.78,N/M,N/M,,
,30-May-2017,,,,,,,,,,17:10,5.09,4.64,,N/A,N/A,5.09,4.64,947.68,947.68,N/M,N/M,,
,18-Oct-2017,,,,,,,,,,14:20,5.11,4.66,,N/A,N/A,5.11,4.66,947.66,947.66,12.18,N/M,,
,16-May-2018,,,,,,,,,,08:05,6.83,6.38,,N/A,N/A,6.83,6.38,945.94,945.94,N/M,N/M,,
,10-Oct-2018,,,,,,,,,,15:35,6.45,6.00,,N/A,N/A,6.45,6.00,946.32,946.32,N/M,N/M,,
,,,,,,,,,,,,,,,,,,,,,,,,
01-38-1,07-Jun-2016,953.23,953.88,0.65,14.00,939.23,11.00 - 14.00,942.23 - 939.23,N/A,N/A,08:45,10.87,10.22,,N/A,N/A,10.87,10.22,943.01,943.01,14.68,N/M,645672.309,5867872.523
,18-Oct-2016,,,,,,,,,,10:15,6.64,5.99,,N/A,N/A,6.64,5.99,947.24,947.24,N/M,N/M,,
,31-May-2017,,,,,,,,,,16:30,9.55,8.90,,N/A,N/A,9.55,8.90,944.33,944.33,N/M,N/M,,
,18-Oct-2017,,,,,,,,,,17:50,9.73,9.08,,N/A,N/A,9.73,9.08,944.15,944.15,N/M,N/M,,
,17-May-2018,,,,,,,,,,09:25,10.42,9.77,,N/A,N/A,10.42,9.77,943.46,943.46,14.65,N/M,,
,12-Oct-2018,,,,,,,,,,10:30,10.11,9.46,,N/A,N/A,10.11,9.46,943.77,943.77,N/M,N/M,,
,,,,,,,,,,,,,,,,,,,,,,,,
01-4,07-Jun-2016,952.73,953.27,0.54,13.00,939.73,10.00 - 13.00,942.73 - 939.73,N/A,N/A,16:40,9.37,8.83,,N/A,N/A,9.37,8.83,943.90,943.90,14.24,N/M,645755.632,5867807.280
,19-Oct-2016,,,,,,,,,,11:08,7.910,7.370,7.885,0.025,0.020,7.890,7.350,945.360,945.380,N/M,N/M,,
,29-May-2017,,,,,,,,,,11:50,8.02,7.48,,N/A,N/A,8.02,7.48,945.25,945.25,14.26,N/M,,
,01-Jun-2017,,,,,,,,,,13:00,7.927,7.387,7.900,0.027,0.022,7.905,7.365,945.343,945.365,N/M,N/M,,
,31-Aug-2017,,,,,,,,,,---,8.36,7.82,,N/A,N/A,8.36,7.82,944.91,944.91,N/M,N/M,,
,18-Oct-2017,,,,,,,,,,16:15,8.21,7.67,,N/A,N/A,8.21,7.67,945.06,945.06,14.29,N/M,,
,16-May-2018,,,,,,,,,,11:25,9.17,8.63,,N/A,N/A,9.17,8.63,944.10,944.10,14.26,N/M,,
,11-Oct-2018,,,,,,,,,,09:40,8.980,8.440,8.785,0.195,0.156,8.824,8.284,944.290,944.446,N/M,N/M,,
,26-Oct-2018,,,,,,,,,,---,8.880,8.340,8.855,0.025,0.020,8.860,8.320,944.390,944.410,N/M,N/M,,
,,,,,,,,,,,,,,,,,,,,,,,,
,,,,,,,,,,,,,,,,,,,,,,,,
,,,,,,,,,,,,,,,,,,,,,,,,
01-8,07-Jun-2016,951.94,952.53,0.59,12.10,939.84,9.00 - 12.10,942.94 - 939.84,N/A,N/A,14:55,7.90,7.31,,N/A,N/A,7.90,7.31,944.63,944.63,12.93,N/M,645689.879,5867669.729
,19-Oct-2016,,,,,,,,,,09:00,4.84,4.25,,N/A,N/A,4.84,4.25,947.69,947.69,N/M,N/M,,
,31-May-2017,,,,,,,,,,08:50,4.82,4.23,,N/A,N/A,4.82,4.23,947.71,947.71,N/M,N/M,,
,17-Oct-2017,,,,,,,,,,15:20,5.01,4.42,,N/A,N/A,5.01,4.42,947.52,947.52,12.88,N/M,,
,15-May-2018,,,,,,,,,,15:35,6.85,6.26,,N/A,N/A,6.85,6.26,945.68,945.68,N/M,N/M,,
,10-Oct-2018,,,,,,,,,,14:10,6.57,5.98,,N/A,N/A,6.57,5.98,945.96,945.96,12.92,N/M,,
,,,,,,,,,,,,,,,,,,,,,,,,
04-43-2,07-Jun-2016,953.14,953.84,0.70,13.00,940.14,11.50 - 13.00,941.64 - 940.14,N/A,N/A,14:35,9.16,8.46,,N/A,N/A,9.16,8.46,944.68,944.68,13.46,N/M,645813.240,5867677.797
,19-Oct-2016,,,,,,,,,,09:57,7.15,6.45,,N/A,N/A,7.15,6.45,946.69,946.69,N/M,N/M,,
,31-May-2017,,,,,,,,,,09:10,7.08,6.38,,N/A,N/A,7.08,6.38,946.76,946.76,N/M,N/M,,
,18-Oct-2017,,,,,,,,,,16:55,7.405,6.707,7.400,0.005,0.004,7.401,6.703,946.431,946.435,N/M,N/M,,
,14-May-2018,,,,,,,,,,17:05,9.05,8.35,,N/A,N/A,9.05,8.35,944.79,944.79,13.37,N/M,,
,10-Oct-2018,,,,,,,,,,17:30,8.87,8.17,,N/A,N/A,8.87,8.17,944.97,944.97,13.41,N/M,,
,,,,,,,,,,,,,,,,,,,,,,,,
,,,,,,,,,,,,,,,,,,,,,,,,
,,,,,,,,,,,,,,,,,,,,,,,,
01-1,07-Jun-2016,952.56,953.05,0.49,12.30,940.26,9.30 - 12.30,943.26 - 940.26,N/A,N/A,16:10,9.27,8.78,,N/A,N/A,9.27,8.78,943.78,943.78,12.76,N/M,645849.898,5867737.224
,19-Oct-2016,,,,,,,,,,10:10,7.69,7.20,,N/A,N/A,7.69,7.20,945.36,945.36,N/M,N/M,,
,31-May-2017,,,,,,,,,,10:10,7.77,7.28,,N/A,N/A,7.77,7.28,945.28,945.28,N/M,N/M,,
,18-Oct-2017,,,,,,,,,,16:40,8.600,8.110,8.501,0.099,0.079,8.521,8.031,944.450,944.529,12.76,N/M,,
,16-May-2018,,,,,,,,,,12:10,9.120,8.630,9.115,0.005,0.004,9.116,8.626,943.930,943.934,N/M,N/M,,
,10-Oct-2018,,,,,,,,,,17:50,8.710,8.220,8.705,0.005,0.004,8.706,8.216,944.340,944.344,12.78,N/M,,
,,,,,,,,,,,,,,,,,,,,,,,,
01-3,07-Jun-2016,952.41,952.96,0.55,12.30,940.11,9.20 - 12.30,943.21 - 940.11,N/A,N/A,16:25,9.24,8.69,,N/A,N/A,9.24,8.69,943.72,943.72,11.99,N/M,645818.558,5867804.822
,19-Oct-2016,,,,,,,,,,10:23,7.82,7.27,,N/A,N/A,7.82,7.27,945.14,945.14,N/M,N/M,,
,31-May-2017,,,,,,,,,,10:40,7.87,7.32,,N/A,N/A,7.87,7.32,945.09,945.09,12.01,N/M,,
,18-Oct-2017,,,,,,,,,,15:30,8.16,7.61,,N/A,N/A,8.16,7.61,944.80,944.80,12.02,N/M,,
,16-May-2018,,,,,,,,,,11:05,9.11,8.56,,N/A,N/A,9.11,8.56,943.85,943.85,11.99,N/M,,
,11-Oct-2018,,,,,,,,,,09:26,8.74,8.19,,N/A,N/A,8.74,8.19,944.22,944.22,12.00,N/M,,
,26-Oct-2018,,,,,,,,,,---,8.75,8.20,,N/A,N/A,8.75,8.20,944.21,944.21,N/M,N/M,,
,,,,,,,,,,,,,,,,,,,,,,,,
01-37-1,07-Jun-2016,951.21,951.85,0.64,12.10,939.11,9.10 - 12.10,942.11 - 939.11,N/A,N/A,08:45,8.92,8.28,,N/A,N/A,8.92,8.28,942.93,942.93,13.14,N/M,645810.991,5867874.964
,19-Oct-2016,,,,,,,,,,12:00,7.88,7.24,,N/A,N/A,7.88,7.24,943.97,943.97,N/M,N/M,,
,29-May-2017,,,,,,,,,,13:40,7.93,7.29,,N/A,N/A,7.93,7.29,943.92,943.92,N/M,N/M,,
,17-Oct-2017,,,,,,,,,,13:42,8.12,7.48,,N/A,N/A,8.12,7.48,943.73,943.73,13.19,N/M,,
,16-May-2018,,,,,,,,,,09:45,8.75,8.11,,N/A,N/A,8.75,8.11,943.10,943.10,N/M,N/M,,
,09-Oct-2018,,,,,,,,,,13:30,8.48,7.84,,N/A,N/A,8.48,7.84,943.37,943.37,N/M,N/M,,
,,,,,,,,,,,,,,,,,,,,,,,,
04-48,06-Jun-2016,943.07,943.69,0.62,12.00,931.07,11.00 - 12.00,932.07 - 931.07,N/A,N/A,10:10,6.09,5.47,,N/A,N/A,6.09,5.47,937.60,937.60,12.96,N/M,645848.377,5867928.104
,18-Oct-2016,,,,,,,,,,10:15,5.05,4.43,,N/A,N/A,5.05,4.43,938.64,938.64,N/M,N/M,,
,29-May-2017,,,,,,,,,,14:10,4.82,4.20,,N/A,N/A,4.82,4.20,938.87,938.87,N/M,N/M,,
,17-Oct-2017,,,,,,,,,,13:20,5.10,4.48,,N/A,N/A,5.10,4.48,938.59,938.59,13.03,N/M,,
,16-May-2018,,,,,,,,,,10:05,5.45,4.83,,N/A,N/A,5.45,4.83,938.24,938.24,N/M,N/M,,
,09-Oct-2018,,,,,,,,,,13:10,5.93,5.31,,N/A,N/A,5.93,5.31,937.76,937.76,13.03,N/M,,
,,,,,,,,,,,,,,,,,,,,,,,,
06-60,07-Jun-2016,951.96,952.87,0.91,11.20,940.76,8.20 - 11.20,943.76 - 940.76,N/A,N/A,08:15,8.97,8.06,,N/A,N/A,8.97,8.06,943.90,943.90,12.30,N/M,645851.026,5867823.560
,19-Oct-2016,,,,,,,,,,11:35,7.72,6.81,,N/A,N/A,7.72,6.81,945.15,945.15,N/M,N/M,,
,31-May-2017,,,,,,,,,,10:25,7.69,6.78,,N/A,N/A,7.69,6.78,945.18,945.18,N/M,N/M,,
,18-Oct-2017,,,,,,,,,,15:45,8.12,7.21,,N/A,N/A,8.12,7.21,944.75,944.75,12.30,N/M,,
,16-May-2018,,,,,,,,,,10:55,9.13,8.22,,N/A,N/A,9.13,8.22,943.74,943.74,N/M,N/M,,
,11-Oct-2018,,,,,,,,,,09:16,8.24,7.33,,N/A,N/A,8.24,7.33,944.63,944.63,12.31,N/M,,
,,,,,,,,,,,,,,,,,,,,,,,,
13-03D,07-Jun-2016,952.58,953.32,0.73,9.00,943.58,6.00 - 9.00,946.58 - 943.58,N/A,N/A,14:50,> 6.08,> 5.35,,N/A,N/A,> 6.08,> 5.35,< 947.24,< 947.24,6.08,N/M,645758.000,5867727.000
,19-Oct-2016,,,,,,,,,,10:40,5.200,4.469,4.980,0.220,0.176,5.024,4.293,948.115,948.291,N/M,N/M,,
,29-May-2017,,,,,,,,,,11:40,4.900,4.169,4.790,0.110,0.088,4.812,4.081,948.415,948.503,10.33,N/M,,
,31-Aug-2017,,,,,,,,,,---,5.20,4.47,,N/A,N/A,5.20,4.47,948.12,948.12,N/M,N/M,,
,18-Oct-2017,,,,,,,,,,14:35,5.50,4.77,,N/A,N/A,5.50,4.77,947.82,947.82,10.35,N/M,,
,16-May-2018,,,,,,,,,,12:40,6.545,5.814,6.505,0.040,0.032,6.513,5.782,946.770,946.802,10.34,N/M,,
,11-Oct-2018,,,,,,,,,,10:10,3.285,2.554,3.215,0.070,0.056,3.229,2.498,950.030,950.086,N/M,N/M,,
,26-Oct-2018,,,,,,,,,,---,6.820,6.089,6.808,0.012,0.010,6.810,6.079,946.495,946.505,N/M,N/M,,
,,,,,,,,,,,,,,,,,,,,,,,,
,,,,,,,,,,,,,,,,,,,,,,,,
,,,,,,,,,,,,,,,,,,,,,,,,
04-46-2,06-Jun-2016,953.02,953.70,0.67,14.80,938.22,13.30 - 14.80,939.72 - 938.22,N/A,N/A,15:25,10.92,10.25,,N/A,N/A,10.92,10.25,942.78,942.78,15.56,N/M,645616.062,5867930.462
,18-Oct-2016,,,,,,,,,,11:00,9.97,9.30,,N/A,N/A,9.97,9.30,943.73,943.73,N/M,N/M,,
,29-May-2017,,,,,,,,,,13:52,10.02,9.35,,N/A,N/A,10.02,9.35,943.68,943.68,N/M,N/M,,
,18-Oct-2017,,,,,,,,,,17:30,10.18,9.51,,N/A,N/A,10.18,9.51,943.52,943.52,N/M,N/M,,
,16-May-2018,,,,,,,,,,08:50,10.59,9.92,,N/A,N/A,10.59,9.92,943.11,943.11,15.57,N/M,,
,10-Oct-2018,,,,,,,,,,11:55,10.52,9.85,,N/A,N/A,10.52,9.85,943.18,943.18,N/M,N/M,,
,,,,,,,,,,,,,,,,,,,,,,,,
,,,,,,,,,,,,,,,,,,,,,,,,
,,,,,,,,,,,,,,,,,,,,,,,,
TH3,06-Jun-2016,942.28,942.82,0.54,4.30,937.98,3.30 - 4.30,938.98 - 937.98,N/A,N/A,10:08,1.68,1.14,,N/A,N/A,1.68,1.14,941.14,941.14,2.54,N/M,645846.340,5867955.399
,18-Oct-2016,,,,,,,,,,10:25,1.07,0.53,,N/A,N/A,1.07,0.53,941.75,941.75,N/M,N/M,,
,29-May-2017,,,,,,,,,,13:00,1.11,0.57,,N/A,N/A,1.11,0.57,941.71,941.71,N/M,N/M,,
,17-Oct-2017,,,,,,,,,,13:15,1.27,0.73,,N/A,N/A,1.27,0.73,941.55,941.55,N/M,N/M,,
,16-May-2018,,,,,,,,,,10:00,1.21,0.67,,N/A,N/A,1.21,0.67,941.61,941.61,2.64,N/M,,
,09-Oct-2018,,,,,,,,,,13:15,1.92,1.38,,N/A,N/A,1.92,1.38,940.90,940.90,N/M,N/M,,
,,,,,,,,,,,,,,,,,,,,,,,,
,,,,,,,,,,,,,,,,,,,,,,,,
,,,,,,,,,,,,,,,,,,,,,,,,
TH8,06-Jun-2016,943.70,945.00,1.30,1.63,942.07,1.43 - 1.63,942.27 - 942.07,N/A,N/A,16:12,2.68,1.38,,N/A,N/A,2.68,1.38,942.32,942.32,2.84,N/M,645627.226,5868004.822
,18-Oct-2016,,,,,,,,,,09:30,2.22,0.92,,N/A,N/A,2.22,0.92,942.78,942.78,N/M,N/M,,
,29-May-2017,,,,,,,,,,12:35,2.14,0.84,,N/A,N/A,2.14,0.84,942.86,942.86,N/M,N/M,,
,17-Oct-2017,,,,,,,,,,13:00,2.21,0.91,,N/A,N/A,2.21,0.91,942.79,942.79,N/M,N/M,,
,14-May-2018,,,,,,,,,,13:36,2.28,0.98,,N/A,N/A,2.28,0.98,942.72,942.72,2.90,N/M,,
,09-Oct-2018,,,,,,,,,,12:45,2.25,0.95,,N/A,N/A,2.25,0.95,942.75,942.75,N/M,N/M,,
,,,,,,,,,,,,,,,,,,,,,,,,
,,,,,,,,,,,,,,,,,,,,,,,,
,,,,,,,,,,,,,,,,,,,,,,,,
04-44-2,07-Jun-2016,950.79,951.38,0.59,10.00,940.79,8.50 - 10.00,942.29 - 940.79,N/A,N/A,15:30,7.01,6.43,,N/A,N/A,7.01,6.43,944.37,944.37,10.19,N/M,645897.960,5867660.735
,19-Oct-2016,,,,,,,,,,09:37,5.11,4.53,,N/A,N/A,5.11,4.53,946.27,946.27,N/M,N/M,,
,31-May-2017,,,,,,,,,,09:40,5.09,4.51,,N/A,N/A,5.09,4.51,946.29,946.29,N/M,N/M,,
,18-Oct-2017,,,,,,,,,,09:05,5.51,4.93,,N/A,N/A,5.51,4.93,945.87,945.87,10.21,N/M,,
,14-May-2018,,,,,,,,,,16:25,6.93,6.35,,N/A,N/A,6.93,6.35,944.45,944.45,10.14,N/M,,
,10-Oct-2018,,,,,,,,,,09:05,6.72,6.14,,N/A,N/A,6.72,6.14,944.66,944.66,N/M,N/M,,
,,,,,,,,,,,,,,,,,,,,,,,,
04-45-2,07-Jun-2016,943.18,943.91,0.73,5.40,937.78,2.40 - 5.40,940.78 - 937.78,N/A,N/A,16:55,2.06,1.33,,N/A,N/A,2.06,1.33,941.85,941.85,5.93,N/M,646043.939,5867664.508
,19-Oct-2016,,,,,,,,,,09:52,1.09,0.36,,N/A,N/A,1.09,0.36,942.82,942.82,N/M,N/M,,
,31-May-2017,,,,,,,,,,10:05,1.20,0.47,,N/A,N/A,1.20,0.47,942.71,942.71,N/M,N/M,,
,18-Oct-2017,,,,,,,,,,08:53,1.50,0.77,,N/A,N/A,1.50,0.77,942.41,942.41,N/M,N/M,,
,14-May-2018,,,,,,,,,,16:45,1.67,0.94,,N/A,N/A,1.67,0.94,942.24,942.24,N/M,N/M,,
,10-Oct-2018,,,,,,,,,,08:58,2.05,1.32,,N/A,N/A,2.05,1.32,941.86,941.86,N/M,N/M,,
,,,,,,,,,,,,,,,,,,,,,,,,
,,,,,,,,,,,,,,,,,,,,,,,,
,,,,,,,,,,,,,,,,,,,,,,,,
02-41-2,06-Jun-2016,940.80,941.70,0.90,4.50,936.30,1.00 - 4.50,939.80 - 936.30,N/A,N/A,14:30,1.61,0.71,,N/A,N/A,1.61,0.71,940.09,940.09,5.05,N/M,645531.708,5868078.322
,20-Oct-2016,,,,,,,,,,09:17,0.97,0.07,,N/A,N/A,0.97,0.07,940.73,940.73,N/M,N/M,,
,29-May-2017,,,,,,,,,,12:33,1.43,0.53,,N/A,N/A,1.43,0.53,940.27,940.27,N/M,N/M,,
,17-Oct-2017,,,,,,,,,,12:10,1.38,0.48,,N/A,N/A,1.38,0.48,940.32,940.32,N/M,N/M,,
,14-May-2018,,,,,,,,,,12:25,1.48,0.58,,N/A,N/A,1.48,0.58,940.22,940.22,5.12,N/M,,
,09-Oct-2018,,,,,,,,,,12:05,1.45,0.55,,N/A,N/A,1.45,0.55,940.25,940.25,5.12,N/M,,
,,,,,,,,,,,,,,,,,,,,,,,,
,,,,,,,,,,,,,,,,,,,,,,,,
,,,,,,,,,,,,,,,,,,,,,,,,
97-16,08-Jun-2016,947.84,948.05,0.21,8.00,939.84,5.00 - 8.00,942.84 - 939.84,N/A,N/A,12:04,5.65,5.44,,N/A,N/A,5.65,5.44,942.40,942.40,8.28,N/M,645562.765,5867581.984
,18-Oct-2016,,,,,,,,,,13:43,4.27,4.06,,N/A,N/A,4.27,4.06,943.78,943.78,N/M,N/M,,
,29-May-2017,,,,,,,,,,16:35,2.52,2.31,,N/A,N/A,2.52,2.31,945.53,945.53,N/M,N/M,,
,18-Oct-2017,,,,,,,,,,10:06,3.54,3.33,,N/A,N/A,3.54,3.33,944.51,944.51,8.28,N/M,,
,15-May-2018,,,,,,,,,,10:00,4.84,4.63,,N/A,N/A,4.84,4.63,943.21,943.21,N/M,N/M,,
,09-Oct-2018,,,,,,,,,,12:20,5.24,5.03,,N/A,N/A,5.24,5.03,942.81,942.81,8.28,N/M,,
,,,,,,,,,,,,,,,,,,,,,,,,
97-18,08-Jun-2016,948.79,949.37,0.58,8.00,940.79,5.00 - 8.00,943.79 - 940.79,N/A,N/A,12:06,6.28,5.70,,N/A,N/A,6.28,5.70,943.09,943.09,8.65,N/M,645578.414,5867556.733
,19-Oct-2016,,,,,,,,,,08:50,4.98,4.40,,N/A,N/A,4.98,4.40,944.39,944.39,N/M,N/M,,
,29-May-2017,,,,,,,,,,17:10,2.89,2.31,,N/A,N/A,2.89,2.31,946.48,946.48,N/M,N/M,,
,18-Oct-2017,,,,,,,,,,10:15,4.13,3.55,,N/A,N/A,4.13,3.55,945.24,945.24,8.65,N/M,,
,15-May-2018,,,,,,,,,,09:45,5.55,4.97,,N/A,N/A,5.55,4.97,943.82,943.82,8.65,N/M,,
,09-Oct-2018,,,,,,,,,,14:45,5.86,5.28,,N/A,N/A,5.86,5.28,943.51,943.51,N/M,N/M,,
,,,,,,,,,,,,,,,,,,,,,,,,
97-24,08-Jun-2016,948.26,948.82,0.56,8.00,940.26,5.00 - 8.00,943.26 - 940.26,N/A,N/A,13:35,4.80,4.24,,N/A,N/A,4.80,4.24,944.02,944.02,8.66,N/M,645602.327,5867454.493
,18-Oct-2016,,,,,,,,,,15:30,3.08,2.52,,N/A,N/A,3.08,2.52,945.74,945.74,N/M,N/M,,
,30-May-2017,,,,,,,,,,09:25,2.34,1.78,,N/A,N/A,2.34,1.78,946.48,946.48,N/M,N/M,,
,18-Oct-2017,,,,,,,,,,10:11,3.32,2.76,,N/A,N/A,3.32,2.76,945.50,945.50,N/M,N/M,,
,15-May-2018,,,,,,,,,,11:30,4.01,3.45,,N/A,N/A,4.01,3.45,944.81,944.81,8.64,N/M,,
,09-Oct-2018,,,,,,,,,,15:50,5.08,4.52,,N/A,N/A,5.08,4.52,943.74,943.74,N/M,N/M,,
,,,,,,,,,,,,,,,,,,,,,,,,
97-25,08-Jun-2016,952.37,952.93,0.56,11.00,941.37,8.00 - 11.00,944.37 - 941.37,N/A,N/A,13:28,8.14,7.58,,N/A,N/A,8.14,7.58,944.79,944.79,11.62,N/M,645662.667,5867455.665
,18-Oct-2016,,,,,,,,,,15:33,5.79,5.23,,N/A,N/A,5.79,5.23,947.14,947.14,N/M,N/M,,
,30-May-2017,,,,,,,,,,09:30,5.29,4.73,,N/A,N/A,5.29,4.73,947.64,947.64,N/M,N/M,,
,18-Oct-2017,,,,,,,,,,10:16,6.09,5.53,,N/A,N/A,6.09,5.53,946.84,946.84,N/M,N/M,,
,15-May-2018,,,,,,,,,,11:35,7.61,7.05,,N/A,N/A,7.61,7.05,945.32,945.32,N/M,N/M,,
,09-Oct-2018,,,,,,,,,,16:05,8.19,7.63,,N/A,N/A,8.19,7.63,944.74,944.74,N/M,N/M,,
,,,,,,,,,,,,,,,,,,,,,,,,
97-26,08-Jun-2016,944.69,945.28,0.59,7.50,937.19,4.50 - 7.50,940.19 - 937.19,N/A,N/A,12:44,3.10,2.51,,N/A,N/A,3.10,2.51,942.18,942.18,8.34,N/M,645553.462,5867503.603
,18-Oct-2016,,,,,,,,,,14:47,1.91,1.32,,N/A,N/A,1.91,1.32,943.37,943.37,N/M,N/M,,
,30-May-2017,,,,,,,,,,08:22,1.38,0.79,,N/A,N/A,1.38,0.79,943.90,943.90,N/M,N/M,,
,18-Oct-2017,,,,,,,,,,11:13,2.32,1.73,,N/A,N/A,2.32,1.73,942.96,942.96,8.34,N/M,,
,15-May-2018,,,,,,,,,,11:55,2.44,1.85,,N/A,N/A,2.44,1.85,942.84,942.84,N/M,N/M,,
,09-Oct-2018,,,,,,,,,,16:10,3.46,2.87,,N/A,N/A,3.46,2.87,941.82,941.82,8.34,N/M,,
,,,,,,,,,,,,,,,,,,,,,,,,
97-27,08-Jun-2016,949.39,950.13,0.74,8.00,941.39,5.00 - 8.00,944.39 - 941.39,N/A,N/A,13:40,5.56,4.82,,N/A,N/A,5.56,4.82,944.57,944.57,N/M,N/M,645615.964,5867506.206
,18-Oct-2016,,,,,,,,,,15:40,3.78,3.04,,N/A,N/A,3.78,3.04,946.35,946.35,N/M,N/M,,
,30-May-2017,,,,,,,,,,09:35,2.68,1.94,,N/A,N/A,2.68,1.94,947.45,947.45,N/M,N/M,,
,18-Oct-2017,,,,,,,,,,11:30,3.66,2.92,,N/A,N/A,3.66,2.92,946.47,946.47,N/M,N/M,,
,15-May-2018,,,,,,,,,,12:00,5.02,4.28,,N/A,N/A,5.02,4.28,945.11,945.11,N/M,N/M,,
,09-Oct-2018,,,,,,,,,,16:00,5.65,4.91,,N/A,N/A,5.65,4.91,944.48,944.48,N/M,N/M,,
,,,,,,,,,,,,,,,,,,,,,,,,
97-30,08-Jun-2016,943.24,943.88,0.64,6.00,937.24,3.00 - 6.00,940.24 - 937.24,N/A,N/A,12:50,2.04,1.40,,N/A,N/A,2.04,1.40,941.84,941.84,6.40,N/M,645544.922,5867456.289
,18-Oct-2016,,,,,,,,,,15:15,1.22,0.58,,N/A,N/A,1.22,0.58,942.66,942.66,N/M,N/M,,
,30-May-2017,,,,,,,,,,09:15,1.31,0.67,,N/A,N/A,1.31,0.67,942.57,942.57,N/M,N/M,,
,18-Oct-2017,,,,,,,,,,11:00,1.79,1.15,,N/A,N/A,1.79,1.15,942.09,942.09,N/M,N/M,,
,15-May-2018,,,,,,,,,,11:15,1.63,0.99,,N/A,N/A,1.63,0.99,942.25,942.25,6.40,N/M,,
,09-Oct-2018,,,,,,,,,,15:35,2.67,2.03,,N/A,N/A,2.67,2.03,941.21,941.21,N/M,N/M,,
,,,,,,,,,,,,,,,,,,,,,,,,
97-31,08-Jun-2016,944.67,945.39,0.72,6.00,938.67,3.00 - 6.00,941.67 - 938.67,N/A,N/A,12:48,2.68,1.96,,N/A,N/A,2.68,1.96,942.71,942.71,6.46,N/M,645565.069,5867465.656
,18-Oct-2016,,,,,,,,,,15:08,1.71,0.99,,N/A,N/A,1.71,0.99,943.68,943.68,N/M,N/M,,
,30-May-2017,,,,,,,,,,09:20,1.66,0.94,,N/A,N/A,1.66,0.94,943.73,943.73,N/M,N/M,,
,18-Oct-2017,,,,,,,,,,10:07,2.21,1.49,,N/A,N/A,2.21,1.49,943.18,943.18,6.46,N/M,,
,15-May-2018,,,,,,,,,,11:25,2.06,1.34,,N/A,N/A,2.06,1.34,943.33,943.33,N/M,N/M,,
,09-Oct-2018,,,,,,,,,,15:45,3.24,2.52,,N/A,N/A,3.24,2.52,942.15,942.15,6.46,N/M,,
,,,,,,,,,,,,,,,,,,,,,,,,
97-32,08-Jun-2016,943.68,944.23,0.55,7.50,936.18,4.50 - 7.50,939.18 - 936.18,N/A,N/A,12:37,2.58,2.03,,N/A,N/A,2.58,2.03,941.65,941.65,8.10,N/M,645535.413,5867531.617
,18-Oct-2016,,,,,,,,,,14:40,1.38,0.83,,N/A,N/A,1.38,0.83,942.85,942.85,N/M,N/M,,
,29-May-2017,,,,,,,,,,17:00,0.97,0.42,,N/A,N/A,0.97,0.42,943.26,943.26,N/M,N/M,,
,18-Oct-2017,,,,,,,,,,11:15,1.79,1.24,,N/A,N/A,1.79,1.24,942.44,942.44,N/M,N/M,,
,15-May-2018,,,,,,,,,,11:45,1.96,1.41,,N/A,N/A,1.96,1.41,942.27,942.27,8.08,N/M,,
,09-Oct-2018,,,,,,,,,,16:25,2.89,2.34,,N/A,N/A,2.89,2.34,941.34,941.34,N/M,N/M,,
,,,,,,,,,,,,,,,,,,,,,,,,
98-34,08-Jun-2016,942.54,943.08,0.54,5.20,937.34,2.20 - 5.20,940.34 - 937.34,N/A,N/A,13:12,1.60,1.06,,N/A,N/A,1.60,1.06,941.48,941.48,5.57,N/M,645538.164,5867382.607
,18-Oct-2016,,,,,,,,,,15:25,1.12,0.58,,N/A,N/A,1.12,0.58,941.96,941.96,N/M,N/M,,
,30-May-2017,,,,,,,,,,09:05,1.16,0.62,,N/A,N/A,1.16,0.62,941.92,941.92,N/M,N/M,,
,18-Oct-2017,,,,,,,,,,10:30,1.69,1.15,,N/A,N/A,1.69,1.15,941.39,941.39,N/M,N/M,,
,15-May-2018,,,,,,,,,,11:10,1.26,0.72,,N/A,N/A,1.26,0.72,941.82,941.82,N/M,N/M,,
,09-Oct-2018,,,,,,,,,,15:25,2.50,1.96,,N/A,N/A,2.50,1.96,940.58,940.58,N/M,N/M,,
,,,,,,,,,,,,,,,,,,,,,,,,
98-35,08-Jun-2016,942.24,943.03,0.79,6.00,936.24,3.00 - 6.00,939.24 - 936.24,N/A,N/A,13:07,2.13,1.34,,N/A,N/A,2.13,1.34,940.90,940.90,6.60,N/M,645519.588,5867424.011
,18-Oct-2016,,,,,,,,,,15:20,1.71,0.92,,N/A,N/A,1.71,0.92,941.32,941.32,N/M,N/M,,
,30-May-2017,,,,,,,,,,09:10,1.59,0.80,,N/A,N/A,1.59,0.80,941.44,941.44,N/M,N/M,,
,18-Oct-2017,,,,,,,,,,10:37,2.18,1.39,,N/A,N/A,2.18,1.39,940.85,940.85,N/M,N/M,,
,15-May-2018,,,,,,,,,,10:55,1.74,0.95,,N/A,N/A,1.74,0.95,941.29,941.29,N/M,N/M,,
,09-Oct-2018,,,,,,,,,,15:20,2.84,2.05,,N/A,N/A,2.84,2.05,940.19,940.19,N/M,N/M,,
,,,,,,,,,,,,,,,,,,,,,,,,
98-36,08-Jun-2016,943.88,944.63,0.75,5.50,938.38,2.50 - 5.50,941.38 - 938.38,N/A,N/A,13:04,2.14,1.39,,N/A,N/A,2.14,1.39,942.49,942.49,6.01,N/M,645563.338,5867427.242
,18-Oct-2016,,,,,,,,,,15:21,1.24,0.49,,N/A,N/A,1.24,0.49,943.39,943.39,N/M,N/M,,
,30-May-2017,,,,,,,,,,09:15,1.33,0.58,,N/A,N/A,1.33,0.58,943.30,943.30,N/M,N/M,,
,18-Oct-2017,,,,,,,,,,10:22,1.78,1.03,,N/A,N/A,1.78,1.03,942.85,942.85,N/M,N/M,,
,15-May-2018,,,,,,,,,,11:05,1.61,0.86,,N/A,N/A,1.61,0.86,943.02,943.02,6.02,N/M,,
,09-Oct-2018,,,,,,,,,,15:35,2.65,1.90,,N/A,N/A,2.65,1.90,941.98,941.98,N/M,N/M,,
,,,,,,,,,,,,,,,,,,,,,,,,
13-05,08-Jun-2016,940.92,941.79,0.87,8.00,932.92,5.00 - 8.00,935.92 - 932.92,N/A,N/A,12:20,2.40,1.53,,N/A,N/A,2.40,1.53,939.39,939.39,9.11,N/M,645470.854,5867572.661
,18-Oct-2016,,,,,,,,,,14:18,1.42,0.55,,N/A,N/A,1.42,0.55,940.37,940.37,N/M,N/M,,
,30-May-2017,,,,,,,,,,08:35,1.35,0.48,,N/A,N/A,1.35,0.48,940.44,940.44,N/M,N/M,,
,18-Oct-2017,,,,,,,,,,11:05,2.10,1.23,,N/A,N/A,2.10,1.23,939.69,939.69,9.10,N/M,,
,15-May-2018,,,,,,,,,,10:30,1.68,0.81,,N/A,N/A,1.68,0.81,940.11,940.11,N/M,N/M,,
,09-Oct-2018,,,,,,,,,,14:55,2.41,1.54,,N/A,N/A,2.41,1.54,939.38,939.38,9.10,N/M,,
,,,,,,,,,,,,,,,,,,,,,,,,
17-1,18-Oct-2017,950.54,951.13,0.59,9.60,940.94,8.10 - 9.60,942.44 - 940.94,7.80 - 10.00,942.74 - 940.54,10:30,3.32,2.73,,N/A,N/A,3.32,2.73,947.81,947.81,10.15,N/M,645644.450,5867597.780
,15-May-2018,,,,,,,,,,09:20,5.11,4.52,,N/A,N/A,5.11,4.52,946.02,946.02,10.17,N/M,,
,09-Oct-2018,,,,,,,,,,15:15,4.89,4.30,,N/A,N/A,4.89,4.30,946.24,946.24,10.15,N/M,,
,,,,,,,,,,,,,,,,,,,,,,,,
,,,,,,,,,,,,,,,,,,,,,,,,
,,,,,,,,,,,,,,,,,,,,,,,,
,,,,,,,,,,,,,,,,,,,,,,,,
04-47-1,06-Jun-2016,952.98,953.55,0.57,19.50,933.48,18.50 - 19.50,934.48 - 933.48,N/A,N/A,14:15,14.37,13.80,,N/A,N/A,14.37,13.80,939.18,939.18,19.98,N/M,645464.558,5867886.318
,18-Oct-2016,,,,,,,,,,12:20,12.64,12.07,,N/A,N/A,12.64,12.07,940.91,940.91,N/M,N/M,,
,29-May-2017,,,,,,,,,,14:50,12.45,11.88,,N/A,N/A,12.45,11.88,941.10,941.10,N/M,N/M,,
,17-Oct-2017,,,,,,,,,,12:24,12.84,12.27,,N/A,N/A,12.84,12.27,940.71,940.71,N/M,N/M,,
,14-May-2018,,,,,,,,,,14:40,13.82,13.25,,N/A,N/A,13.82,13.25,939.73,939.73,19.97,N/M,,
,10-Oct-2018,,,,,,,,,,09:45,14.13,13.56,,N/A,N/A,14.13,13.56,939.42,939.42,N/M,N/M,,
,,,,,,,,,,,,,,,,,,,,,,,,
,,,,,,,,,,,,,,,,,,,,,,,,
,,,,,,,,,,,,,,,,,,,,,,,,
04-6,07-Jun-2016,951.76,952.41,0.66,20.00,931.76,18.50 - 20.00,933.26 - 931.76,18.10 - 20.00,933.66 - 931.76,11:20,19.16,18.51,,N/A,N/A,19.16,18.51,933.25,933.25,20.64,N/M,645616.606,5867787.661
,18-Oct-2016,,,,,,,,,,11:10,18.10,17.45,,N/A,N/A,18.10,17.45,934.31,934.31,N/M,N/M,,
,30-May-2017,,,,,,,,,,15:15,17.27,16.62,,N/A,N/A,17.27,16.62,935.14,935.14,N/M,N/M,,
,18-Oct-2017,,,,,,,,,,15:30,17.48,16.83,,N/A,N/A,17.48,16.83,934.93,934.93,20.59,N/M,,
,15-May-2018,,,,,,,,,,17:10,18.32,17.67,,N/A,N/A,18.32,17.67,934.09,934.09,N/M,N/M,,
,10-Oct-2018,,,,,,,,,,15:55,18.67,18.02,,N/A,N/A,18.67,18.02,933.74,933.74,N/M,N/M,,
,,,,,,,,,,,,,,,,,,,,,,,,
04-6-1,07-Jun-2016,951.72,953.39,1.68,34.00,917.72,32.50 - 34.00,919.22 - 917.72,32.00 - 34.00,919.72 - 917.72,01:30,12.53,10.85,,N/A,N/A,12.53,10.85,940.86,940.86,34.22,N/M,645617.111,5867789.854
,18-Oct-2016,,,,,,,,,,11:00,26.43,24.75,,N/A,N/A,26.43,24.75,926.96,926.96,N/M,N/M,,
,30-May-2017,,,,,,,,,,15:20,25.77,24.09,,N/A,N/A,25.77,24.09,927.62,927.62,N/M,N/M,,
,18-Oct-2017,,,,,,,,,,13:20,25.40,23.72,,N/A,N/A,25.40,23.72,927.99,927.99,34.71,N/M,,
,15-May-2018,,,,,,,,,,17:15,26.64,24.96,,N/A,N/A,26.64,24.96,926.75,926.75,N/M,N/M,,
,10-Oct-2018,,,,,,,,,,15:50,26.82,25.14,,N/A,N/A,26.82,25.14,926.57,926.57,N/M,N/M,,
,,,,,,,,,,,,,,,,,,,,,,,,
04-42-1,06-Jun-2016,948.83,949.51,0.68,29.50,919.33,28.00 - 29.50,920.83 - 919.33,N/A,N/A,13:00,20.16,19.48,,N/A,N/A,20.16,19.48,929.35,929.35,30.33,N/M,645469.024,5867755.857
,18-Oct-2016,,,,,,,,,,12:02,19.00,18.32,,N/A,N/A,19.00,18.32,930.51,930.51,N/M,N/M,,
,29-May-2017,,,,,,,,,,15:10,18.49,17.81,,N/A,N/A,18.49,17.81,931.02,931.02,N/M,N/M,,
,17-Oct-2017,,,,,,,,,,12:00,18.75,18.07,,N/A,N/A,18.75,18.07,930.76,930.76,N/M,N/M,,
,14-May-2018,,,,,,,,,,14:20,19.40,18.72,,N/A,N/A,19.40,18.72,930.11,930.11,30.25,N/M,,
,10-Oct-2018,,,,,,,,,,09:30,19.66,18.98,,N/A,N/A,19.66,18.98,929.85,929.85,N/M,N/M,,
,,,,,,,,,,,,,,,,,,,,,,,,
,,,,,,,,,,,,,,,,,,,,,,,,
,,,,,,,,,,,,,,,,,,,,,,,,
96-11-1,07-Jun-2016,947.55,948.07,0.52,23.00,924.55,17.00 - 23.00,930.55 - 924.55,N/A,N/A,12:30,14.61,14.09,,N/A,N/A,14.61,14.09,933.46,933.46,22.36,N/M,645508.899,5867693.107
,18-Oct-2016,,,,,,,,,,13:40,13.31,12.79,,N/A,N/A,13.31,12.79,934.76,934.76,N/M,N/M,,
,30-May-2017,,,,,,,,,,14:15,12.65,12.13,,N/A,N/A,12.65,12.13,935.42,935.42,N/M,N/M,,
,17-Oct-2017,,,,,,,,,,13:10,12.81,12.29,,N/A,N/A,12.81,12.29,935.26,935.26,N/M,N/M,,
,14-May-2018,,,,,,,,,,14:10,13.78,13.26,,N/A,N/A,13.78,13.26,934.29,934.29,N/M,N/M,,
,10-Oct-2018,,,,,,,,,,09:30,14.13,13.61,,N/A,N/A,14.13,13.61,933.94,933.94,22.33,N/M,,
,,,,,,,,,,,,,,,,,,,,,,,,
04-10,07-Jun-2016,949.16,949.81,0.64,29.50,919.66,28.00 - 29.50,921.16 - 919.66,N/A,N/A,12:00,19.48,18.84,,N/A,N/A,19.48,18.84,930.33,930.33,30.41,N/M,645553.921,5867643.033
,18-Oct-2016,,,,,,,,,,14:00,18.40,17.76,,N/A,N/A,18.40,17.76,931.41,931.41,N/M,N/M,,
,30-May-2017,,,,,,,,,,11:00,17.84,17.20,,N/A,N/A,17.84,17.20,931.97,931.97,N/M,N/M,,
,17-Oct-2017,,,,,,,,,,13:43,17.96,17.32,,N/A,N/A,17.96,17.32,931.85,931.85,N/M,N/M,,
,15-May-2018,,,,,,,,,,13:45,18.70,18.06,,N/A,N/A,18.70,18.06,931.11,931.11,N/M,N/M,,
,09-Oct-2018,,,,,,,,,,17:50,18.96,18.32,,N/A,N/A,18.96,18.32,930.85,930.85,N/M,N/M,,
,,,,,,,,,,,,,,,,,,,,,,,,
13-04,06-Jun-2016,940.98,941.81,0.84,18.00,922.98,15.00 - 18.00,925.98 - 922.98,N/A,N/A,12:45,12.75,11.91,,N/A,N/A,12.75,11.91,929.06,929.06,19.16,N/M,645470.693,5867626.456
,18-Oct-2016,,,,,,,,,,11:35,11.65,10.81,,N/A,N/A,11.65,10.81,930.16,930.16,N/M,N/M,,
,29-May-2017,,,,,,,,,,15:00,11.06,10.22,,N/A,N/A,11.06,10.22,930.75,930.75,N/M,N/M,,
,17-Oct-2017,,,,,,,,,,11:50,11.24,10.40,,N/A,N/A,11.24,10.40,930.57,930.57,19.10,N/M,,
,14-May-2018,,,,,,,,,,01:30,12.00,11.16,,N/A,N/A,12.00,11.16,929.81,929.81,19.08,N/M,,
,10-Oct-2018,,,,,,,,,,10:06,12.17,11.33,,N/A,N/A,12.17,11.33,929.64,929.64,N/M,N/M,,
,,,,,,,,,,,,,,,,,,,,,,,,
,,,,,,,,,,,,,,,,,,,,,,,,
,,,,,,,,,,,,,,,,,,,,,,,,
96-13-1,06-Jun-2016,951.29,951.73,0.44,22.00,929.29,19.00 - 22.00,932.29 - 929.29,N/A,N/A,16:20,18.33,17.89,,N/A,N/A,18.33,17.89,933.40,933.40,23.89,N/M,645726.661,5867929.738
,18-Oct-2016,,,,,,,,,,10:38,17.25,16.81,,N/A,N/A,17.25,16.81,934.48,934.48,N/M,N/M,,
,29-May-2017,,,,,,,,,,13:25,16.58,16.14,,N/A,N/A,16.58,16.14,935.15,935.15,N/M,N/M,,
,18-Oct-2017,,,,,,,,,,17:15,16.68,16.24,,N/A,N/A,16.68,16.24,935.05,935.05,N/M,N/M,,
,16-May-2018,,,,,,,,,,10:35,17.58,17.14,,N/A,N/A,17.58,17.14,934.15,934.15,23.90,N/M,,
,10-Oct-2018,,,,,,,,,,11:00,17.90,17.46,,N/A,N/A,17.90,17.46,933.83,933.83,N/M,N/M,,
,,,,,,,,,,,,,,,,,,,,,,,,
04-4,07-Jun-2016,952.70,953.34,0.64,20.00,932.70,18.50 - 20.00,934.20 - 932.70,N/A,N/A,15:20,18.51,17.88,,N/A,N/A,18.51,17.88,934.83,934.83,20.53,N/M,645757.302,5867804.567
,19-Oct-2016,,,,,,,,,,11:10,18.01,17.38,,N/A,N/A,18.01,17.38,935.33,935.33,N/M,N/M,,
,31-May-2017,,,,,,,,,,10:55,17.55,16.92,,N/A,N/A,17.55,16.92,935.79,935.79,N/M,N/M,,
,18-Oct-2017,,,,,,,,,,16:05,18.64,18.01,,N/A,N/A,18.64,18.01,934.70,934.70,20.57,N/M,,
,16-May-2018,,,,,,,,,,11:15,18.36,17.73,,N/A,N/A,18.36,17.73,934.98,934.98,N/M,N/M,,
,11-Oct-2018,,,,,,,,,,09:35,18.50,17.87,,N/A,N/A,18.50,17.87,934.84,934.84,20.57,N/M,,
,,,,,,,,,,,,,,,,,,,,,,,,
04-13,06-Jun-2016,951.19,951.91,0.72,15.00,936.19,14.00 - 15.00,937.19 - 936.19,N/A,N/A,16:00,13.73,13.01,,N/A,N/A,13.73,13.01,938.18,938.18,16.03,N/M,645734.351,5867929.738
,18-Oct-2016,,,,,,,,,,10:35,12.90,12.18,,N/A,N/A,12.90,12.18,939.01,939.01,N/M,N/M,,
,29-May-2017,,,,,,,,,,13:15,12.81,12.09,,N/A,N/A,12.81,12.09,939.10,939.10,N/M,N/M,,
,18-Oct-2017,,,,,,,,,,17:15,12.83,12.11,,N/A,N/A,12.83,12.11,939.08,939.08,16.05,N/M,,
,16-May-2018,,,,,,,,,,10:25,13.42,12.70,,N/A,N/A,13.42,12.70,938.49,938.49,N/M,N/M,,
,10-Oct-2018,,,,,,,,,,10:53,13.59,12.87,,N/A,N/A,13.59,12.87,938.32,938.32,16.04,N/M,,
,,,,,,,,,,,,,,,,,,,,,,,,
,,,,,,,,,,,,,,,,,,,,,,,,
,,,,,,,,,,,,,,,,,,,,,,,,
04-43-1,07-Jun-2016,952.97,953.65,0.68,28.80,924.17,22.30 - 28.80,930.67 - 924.17,N/A,N/A,14:30,20.37,19.69,,N/A,N/A,20.37,19.69,933.28,933.28,24.10,N/M,645816.089,5867677.797
,19-Oct-2016,,,,,,,,,,09:55,19.30,18.62,,N/A,N/A,19.30,18.62,934.35,934.35,N/M,N/M,,
,31-May-2017,,,,,,,,,,09:05,18.49,17.81,,N/A,N/A,18.49,17.81,935.16,935.16,N/M,N/M,,
,18-Oct-2017,,,,,,,,,,16:52,18.69,18.01,,N/A,N/A,18.69,18.01,934.96,934.96,24.36,N/M,,
,14-May-2018,,,,,,,,,,17:00,19.56,18.88,,N/A,N/A,19.56,18.88,934.09,934.09,N/M,N/M,,
,10-Oct-2018,,,,,,,,,,17:25,19.91,19.23,,N/A,N/A,19.91,19.23,933.74,933.74,24.08,N/M,,
,,,,,,,,,,,,,,,,,,,,,,,,
,,,,,,,,,,,,,,,,,,,,,,,,
,,,,,,,,,,,,,,,,,,,,,,,,
04-1,07-Jun-2016,952.50,953.18,0.68,19.80,932.70,18.30 - 19.80,934.20 - 932.70,N/A,N/A,15:00,16.15,15.47,,N/A,N/A,16.15,15.47,937.03,937.03,21.60,N/M,645849.998,5867734.271
,19-Oct-2016,,,,,,,,,,10:08,15.72,15.04,,N/A,N/A,15.72,15.04,937.46,937.46,N/M,N/M,,
,31-May-2017,,,,,,,,,,10:10,15.08,14.40,,N/A,N/A,15.08,14.40,938.10,938.10,N/M,N/M,,
,18-Oct-2017,,,,,,,,,,16:45,14.87,14.19,,N/A,N/A,14.87,14.19,938.31,938.31,N/M,N/M,,
,16-May-2018,,,,,,,,,,12:10,15.22,14.54,,N/A,N/A,15.22,14.54,937.96,937.96,20.49,N/M,,
,10-Oct-2018,,,,,,,,,,17:40,15.50,14.82,,N/A,N/A,15.50,14.82,937.68,937.68,N/M,N/M,,
,,,,,,,,,,,,,,,,,,,,,,,,
04-1-1,07-Jun-2016,952.44,953.14,0.70,34.00,918.44,33.00 - 34.00,919.44 - 918.44,N/A,N/A,15:10,25.27,24.57,,N/A,N/A,25.27,24.57,927.87,927.87,N/M,N/M,645850.293,5867732.309
,19-Oct-2016,,,,,,,,,,10:05,24.41,23.71,,N/A,N/A,24.41,23.71,928.73,928.73,N/M,N/M,,
,31-May-2017,,,,,,,,,,10:15,23.86,23.16,,N/A,N/A,23.86,23.16,929.28,929.28,N/M,N/M,,
,18-Oct-2017,,,,,,,,,,16:50,23.86,23.16,,N/A,N/A,23.86,23.16,929.28,929.28,N/M,N/M,,
,16-May-2018,,,,,,,,,,12:05,24.51,23.81,,N/A,N/A,24.51,23.81,928.63,928.63,N/M,N/M,,
,10-Oct-2018,,,,,,,,,,17:35,24.72,24.02,,N/A,N/A,24.72,24.02,928.42,928.42,N/M,N/M,,
,,,,,,,,,,,,,,,,,,,,,,,,
06-59,07-Jun-2016,951.96,952.87,0.91,22.00,929.96,20.50 - 22.00,931.46 - 929.96,N/A,N/A,08:20,17.19,16.28,,N/A,N/A,17.19,16.28,935.68,935.68,22.93,N/M,645850.426,5867824.793
,19-Oct-2016,,,,,,,,,,11:30,16.00,15.09,,N/A,N/A,16.00,15.09,936.87,936.87,N/M,N/M,,
,31-May-2017,,,,,,,,,,10:20,15.63,14.72,,N/A,N/A,15.63,14.72,937.24,937.24,N/M,N/M,,
,18-Oct-2017,,,,,,,,,,15:40,15.91,15.00,,N/A,N/A,15.91,15.00,936.96,936.96,N/M,N/M,,
,16-May-2018,,,,,,,,,,10:50,16.54,15.63,,N/A,N/A,16.54,15.63,936.33,936.33,N/M,N/M,,
,11-Oct-2018,,,,,,,,,,09:17,16.86,15.95,,N/A,N/A,16.86,15.95,936.01,936.01,N/M,N/M,,
,,,,,,,,,,,,,,,,,,,,,,,,
,,,,,,,,,,,,,,,,,,,,,,,,
,,,,,,,,,,,,,,,,,,,,,,,,
04-46-1,06-Jun-2016,953.01,953.73,0.72,22.00,931.01,20.50 - 22.00,932.51 - 931.01,N/A,N/A,15:20,20.49,19.77,,N/A,N/A,20.49,19.77,933.24,933.24,22.13,N/M,645612.782,5867930.462
,18-Oct-2016,,,,,,,,,,11:02,19.27,18.55,,N/A,N/A,19.27,18.55,934.46,934.46,N/M,N/M,,
,29-May-2017,,,,,,,,,,13:55,18.64,17.92,,N/A,N/A,18.64,17.92,935.09,935.09,N/M,N/M,,
,18-Oct-2017,,,,,,,,,,17:35,18.76,18.04,,N/A,N/A,18.76,18.04,934.97,934.97,22.70,N/M,,
,16-May-2018,,,,,,,,,,08:40,19.62,18.90,,N/A,N/A,19.62,18.90,934.11,934.11,N/M,N/M,,
,10-Oct-2018,,,,,,,,,,12:02,19.99,19.27,,N/A,N/A,19.99,19.27,933.74,933.74,22.71,N/M,,
,,,,,,,,,,,,,,,,,,,,,,,,
,,,,,,,,,,,,,,,,,,,,,,,,
,,,,,,,,,,,,,,,,,,,,,,,,
04-44-1,07-Jun-2016,950.82,951.42,0.60,19.50,931.32,18.50 - 19.50,932.32 - 931.32,N/A,N/A,13:20,15.93,15.33,,N/A,N/A,15.93,15.33,935.49,935.49,20.51,N/M,645899.898,5867660.724
,19-Oct-2016,,,,,,,,,,09:38,14.81,14.21,,N/A,N/A,14.81,14.21,936.61,936.61,N/M,N/M,,
,31-May-2017,,,,,,,,,,09:50,14.32,13.72,,N/A,N/A,14.32,13.72,937.10,937.10,N/M,N/M,,
,18-Oct-2017,,,,,,,,,,09:10,14.65,14.05,,N/A,N/A,14.65,14.05,936.77,936.77,N/M,N/M,,
,14-May-2018,,,,,,,,,,16:20,15.26,14.66,,N/A,N/A,15.26,14.66,936.16,936.16,20.28,N/M,,
,10-Oct-2018,,,,,,,,,,09:07,15.66,15.06,,N/A,N/A,15.66,15.06,935.76,935.76,N/M,N/M,,
,,,,,,,,,,,,,,,,,,,,,,,,
04-45-1,07-Jun-2016,943.13,943.62,0.50,15.00,928.13,13.50 - 15.00,929.63 - 928.13,N/A,N/A,16:50,6.15,5.65,,N/A,N/A,6.15,5.65,937.47,937.47,15.72,N/M,646045.704,5867664.508
,19-Oct-2016,,,,,,,,,,09:50,4.96,4.46,,N/A,N/A,4.96,4.46,938.66,938.66,N/M,N/M,,
,31-May-2017,,,,,,,,,,10:00,4.71,4.21,,N/A,N/A,4.71,4.21,938.91,938.91,N/M,N/M,,
,18-Oct-2017,,,,,,,,,,08:52,5.03,4.53,,N/A,N/A,5.03,4.53,938.59,938.59,N/M,N/M,,
,14-May-2018,,,,,,,,,,16:40,5.54,5.04,,N/A,N/A,5.54,5.04,938.08,938.08,N/M,N/M,,
,10-Oct-2018,,,,,,,,,,09:00,5.96,5.46,,N/A,N/A,5.96,5.46,937.66,937.66,N/M,N/M,,
,,,,,,,,,,,,,,,,,,,,,,,,
,,,,,,,,,,,,,,,,,,,,,,,,
,,,,,,,,,,,,,,,,,,,,,,,,
02-40,06-Jun-2016,940.60,941.40,0.80,10.50,930.10,8.90 - 10.50,931.70 - 930.10,N/A,N/A,09:35,7.00,6.20,,N/A,N/A,7.00,6.20,934.40,934.40,10.70,N/M,645664.808,5868075.522
,20-Oct-2016,,,,,,,,,,09:25,6.53,5.73,,N/A,N/A,6.53,5.73,934.87,934.87,N/M,N/M,,
,29-May-2017,,,,,,,,,,12:50,5.61,4.81,,N/A,N/A,5.61,4.81,935.79,935.79,N/M,N/M,,
,17-Oct-2017,,,,,,,,,,12:00,5.62,4.82,,N/A,N/A,5.62,4.82,935.78,935.78,N/M,N/M,,
,14-May-2018,,,,,,,,,,12:10,6.63,5.83,,N/A,N/A,6.63,5.83,934.77,934.77,10.77,N/M,,
,09-Oct-2018,,,,,,,,,,12:55,6.50,5.70,,N/A,N/A,6.50,5.70,934.90,934.90,N/M,N/M,,
,,,,,,,,,,,,,,,,,,,,,,,,
02-41-1,06-Jun-2016,940.80,941.60,0.80,12.00,928.80,10.50 - 12.00,930.30 - 928.80,N/A,N/A,14:25,8.31,7.51,,N/A,N/A,8.31,7.51,933.29,933.29,12.37,N/M,645531.508,5868079.322
,20-Oct-2016,,,,,,,,,,09:15,7.44,6.64,,N/A,N/A,7.44,6.64,934.16,934.16,N/M,N/M,,
,29-May-2017,,,,,,,,,,12:30,6.63,5.83,,N/A,N/A,6.63,5.83,934.97,934.97,N/M,N/M,,
,17-Oct-2017,,,,,,,,,,12:05,5.58,4.78,,N/A,N/A,5.58,4.78,936.02,936.02,N/M,N/M,,
,14-May-2018,,,,,,,,,,12:30,5.55,4.75,,N/A,N/A,5.55,4.75,936.05,936.05,5.59,N/M,,
,09-Oct-2018,,,,,,,,,,12:00,1.51,0.71,,N/A,N/A,1.51,0.71,940.09,940.09,5.62,N/M,,
,,,,,,,,,,,,,,,,,,,,,,,,
,,,,,,,,,,,,,,,,,,,,,,,,
,,,,,,,,,,,,,,,,,,,,,,,,
97-14-1,08-Jun-2016,940.86,941.47,0.61,10.60,930.26,9.10 - 10.60,931.76 - 930.26,N/A,N/A,12:18,8.00,7.39,,N/A,N/A,8.00,7.39,933.47,933.47,11.20,N/M,645462.899,5867566.901
,18-Oct-2016,,,,,,,,,,14:15,6.72,6.11,,N/A,N/A,6.72,6.11,934.75,934.75,N/M,N/M,,
,30-May-2017,,,,,,,,,,08:30,6.02,5.41,,N/A,N/A,6.02,5.41,935.45,935.45,N/M,N/M,,
,18-Oct-2017,,,,,,,,,,10:55,6.34,5.73,,N/A,N/A,6.34,5.73,935.13,935.13,N/M,N/M,,
,15-May-2018,,,,,,,,,,10:35,7.14,6.53,,N/A,N/A,7.14,6.53,934.33,934.33,11.22,N/M,,
,09-Oct-2018,,,,,,,,,,15:05,7.48,6.87,,N/A,N/A,7.48,6.87,933.99,933.99,N/M,N/M,,
,,,,,,,,,,,,,,,,,,,,,,,,
97-28,08-Jun-2016,941.42,942.05,0.63,13.00,928.42,10.00 - 13.00,931.42 - 928.42,N/A,N/A,13:32,8.50,7.87,,N/A,N/A,8.50,7.87,933.55,933.55,13.72,N/M,645487.676,5867446.384
,18-Oct-2016,,,,,,,,,,14:45,7.78,7.15,,N/A,N/A,7.78,7.15,934.27,934.27,N/M,N/M,,
,30-May-2017,,,,,,,,,,08:55,6.49,5.86,,N/A,N/A,6.49,5.86,935.56,935.56,N/M,N/M,,
,18-Oct-2017,,,,,,,,,,10:42,6.81,6.18,,N/A,N/A,6.81,6.18,935.24,935.24,N/M,N/M,,
,15-May-2018,,,,,,,,,,10:50,7.64,7.01,,N/A,N/A,7.64,7.01,934.41,934.41,13.73,N/M,,
,09-Oct-2018,,,,,,,,,,15:16,7.95,7.32,,N/A,N/A,7.95,7.32,934.10,934.10,N/M,N/M,,
,,,,,,,,,,,,,,,,,,,,,,,,
98-16,08-Jun-2016,947.73,948.26,0.53,17.00,930.73,14.00 - 17.00,933.73 - 930.73,N/A,N/A,12:00,14.86,14.33,,N/A,N/A,14.86,14.33,933.40,933.40,17.91,N/M,645562.150,5867587.833
,18-Oct-2016,,,,,,,,,,13:40,13.71,13.18,,N/A,N/A,13.71,13.18,934.55,934.55,N/M,N/M,,
,29-May-2017,,,,,,,,,,16:30,13.02,12.49,,N/A,N/A,13.02,12.49,935.24,935.24,N/M,N/M,,
,18-Oct-2017,,,,,,,,,,10:04,13.23,12.70,,N/A,N/A,13.23,12.70,935.03,935.03,18.24,N/M,,
,15-May-2018,,,,,,,,,,09:55,14.05,13.52,,N/A,N/A,14.05,13.52,934.21,934.21,N/M,N/M,,
,09-Oct-2018,,,,,,,,,,14:15,14.44,13.91,,N/A,N/A,14.44,13.91,933.82,933.82,17.91,N/M,,
,,,,,,,,,,,,,,,,,,,,,,,,
98-26,08-Jun-2016,945.01,945.54,0.53,15.00,930.01,12.00 - 15.00,933.01 - 930.01,N/A,N/A,12:42,12.01,11.48,,N/A,N/A,12.01,11.48,933.53,933.53,16.03,N/M,645557.740,5867509.579
,18-Oct-2016,,,,,,,,,,14:45,10.89,10.36,,N/A,N/A,10.89,10.36,934.65,934.65,N/M,N/M,,
,30-May-2017,,,,,,,,,,08:21,10.17,9.64,,N/A,N/A,10.17,9.64,935.37,935.37,N/M,N/M,,
,18-Oct-2017,,,,,,,,,,11:16,10.43,9.90,,N/A,N/A,10.43,9.90,935.11,935.11,16.03,N/M,,
,15-May-2018,,,,,,,,,,11:50,11.25,10.72,,N/A,N/A,11.25,10.72,934.29,934.29,N/M,N/M,,
,09-Oct-2018,,,,,,,,,,16:15,11.62,11.09,,N/A,N/A,11.62,11.09,933.92,933.92,16.04,N/M,,
,,,,,,,,,,,,,,,,,,,,,,,,
,,,,,,,,,,,,,,,,,,,,,,,,
,,,,,,,,,,,,,,,,,,,,,,,,
02-39,06-Jun-2016,938.60,939.40,0.80,10.40,928.20,7.40 - 10.40,931.20 - 928.20,N/A,N/A,13:10,8.14,7.34,,N/A,N/A,8.14,7.34,931.26,931.26,11.35,N/M,645209.264,5867914.522
,20-Oct-2016,,,,,,,,,,08:50,7.02,6.22,,N/A,N/A,7.02,6.22,932.38,932.38,N/M,N/M,,
,29-May-2017,,,,,,,,,,16:52,5.10,4.30,,N/A,N/A,5.10,4.30,934.30,934.30,N/M,N/M,,
,17-Oct-2017,,,,,,,,,,12:45,6.30,5.50,,N/A,N/A,6.30,5.50,933.10,933.10,N/M,N/M,,
,14-May-2018,,,,,,,,,,12:55,7.16,6.36,,N/A,N/A,7.16,6.36,932.24,932.24,11.44,N/M,,
,09-Oct-2018,,,,,,,,,,---,N/M,N/M,,N/A,N/A,N/A,N/A,N/A,N/A,N/M,N/M,,
,,,,,,,,,,,,,,,,,,,,,,,,
,,,,,,,,,,,,,,,,,,,,,,,,
,,,,,,,,,,,,,,,,,,,,,,,,
,,,,,,,,,,,,,,,,,,,,,,,,
12 IW-01,31-May-2017,952.71,953.55,0.84,4.30,948.41,1.30 - 4.30,951.41 - 948.41,N/A,N/A,11:20,1.54,0.70,,N/A,N/A,1.54,0.70,952.01,952.01,5.30,N/M,645773.595,5867758.101
,18-Oct-2017,,,,,,,,,,15:15,1.75,0.91,,N/A,N/A,1.75,0.91,951.80,951.80,5.27,N/M,,
,16-May-2018,,,,,,,,,,11:40,2.51,1.67,,N/A,N/A,2.51,1.67,951.04,951.04,5.28,N/M,,
,11-Oct-2018,,,,,,,,,,09:43,1.44,0.60,,N/A,N/A,1.44,0.60,952.11,952.11,5.28,N/M,,
,26-Oct-2018,,,,,,,,,,---,1.63,0.79,,N/A,N/A,1.63,0.79,951.92,951.92,N/M,N/M,,
,,,,,,,,,,,,,,,,,,,,,,,,
12 IW-02,31-May-2017,952.68,953.53,0.85,4.40,948.28,1.10 - 4.40,951.58 - 948.28,N/A,N/A,11:25,2.21,1.36,,N/A,N/A,2.21,1.36,951.32,951.32,5.48,N/M,645777.118,5867758.662
,18-Oct-2017,,,,,,,,,,15:00,1.79,0.94,,N/A,N/A,1.79,0.94,951.74,951.74,5.46,N/M,,
,16-May-2018,,,,,,,,,,11:45,2.63,1.78,,N/A,N/A,2.63,1.78,950.90,950.90,5.45,N/M,,
,11-Oct-2018,,,,,,,,,,09:48,1.54,0.69,,N/A,N/A,1.54,0.69,951.99,951.99,5.45,N/M,,
,26-Oct-2018,,,,,,,,,,---,1.66,0.81,,N/A,N/A,1.66,0.81,951.87,951.87,N/M,N/M,,
,,,,,,,,,,,,,,,,,,,,,,,,
12 IW-03,31-May-2017,952.74,953.71,0.97,4.30,948.44,1.10 - 4.30,951.64 - 948.44,N/A,N/A,11:30,1.99,1.02,,N/A,N/A,1.99,1.02,951.72,951.72,5.22,N/M,645773.949,5867754.293
,18-Oct-2017,,,,,,,,,,15:05,2.72,1.75,,N/A,N/A,2.72,1.75,950.99,950.99,5.20,N/M,,
,16-May-2018,,,,,,,,,,11:45,2.76,1.79,,N/A,N/A,2.76,1.79,950.95,950.95,5.20,N/M,,
,11-Oct-2018,,,,,,,,,,10:00,1.69,0.72,,N/A,N/A,1.69,0.72,952.02,952.02,5.21,N/M,,
,26-Oct-2018,,,,,,,,,,---,1.75,0.78,,N/A,N/A,1.75,0.78,951.96,951.96,N/M,N/M,,
,,,,,,,,,,,,,,,,,,,,,,,,
12 IW-04,31-May-2017,952.68,953.56,0.88,4.30,948.38,1.10 - 4.30,951.58 - 948.38,N/A,N/A,11:35,1.77,0.89,,N/A,N/A,1.77,0.89,951.79,951.79,4.00,N/M,645777.856,5867754.980
,18-Oct-2017,,,,,,,,,,15:10,1.82,0.94,,N/A,N/A,1.82,0.94,951.74,951.74,3.97,N/M,,
,16-May-2018,,,,,,,,,,11:50,2.69,1.81,,N/A,N/A,2.69,1.81,950.87,950.87,4.00,N/M,,
,11-Oct-2018,,,,,,,,,,09:53,1.58,0.70,,N/A,N/A,1.58,0.70,951.98,951.98,4.01,N/M,,
,26-Oct-2018,,,,,,,,,,---,1.70,0.82,,N/A,N/A,1.70,0.82,951.86,951.86,N/M,N/M,,
,,,,,,,,,,,,,,,,,,,,,,,,
18-68,12-Oct-2018,950.00,950.77,0.77,5.20,944.80,0.92 - 5.20,949.08 - 944.80,0.76 - 5.20,949.24 - 944.80,---,2.65,1.88,,N/A,N/A,2.65,1.88,948.12,948.12,N/M,N/M,645614.000,5867663.000
,,,,,,,,,,,,,,,,,,,,,,,,
18-69,12-Oct-2018,949.90,950.69,0.79,5.20,944.70,0.92 - 5.20,948.98 - 944.70,0.76 - 5.20,949.14 - 944.70,---,3.19,2.40,,N/A,N/A,3.19,2.40,947.50,947.50,N/M,N/M,645609.000,5867663.000
,,,,,,,,,,,,,,,,,,,,,,,,
18-70,12-Oct-2018,949.92,950.85,0.93,12.81,937.11,7.63 - 12.81,942.29 - 937.11,7.32 - 12.81,942.60 - 937.11,---,6.85,5.92,,N/A,N/A,6.85,5.92,944.00,944.00,N/M,N/M,645610.000,5867663.000
,,,,,,,,,,,,,,,,,,,,,,,,
18-71,12-Oct-2018,950.09,950.69,0.61,13.12,936.97,7.63 - 13.12,942.46 - 936.97,7.17 - 13.12,942.92 - 936.97,---,5.65,5.05,,N/A,N/A,5.65,5.05,945.04,945.04,N/M,N/M,645616.000,5867663.000
,,,,,,,,,,,,,,,,,,,,,,,,
18-72,26-Oct-2018,952.51,953.28,0.77,5.20,947.31,0.92 - 5.20,951.59 - 947.31,0.76 - 5.20,951.75 - 947.31,---,1.43,0.66,,N/A,N/A,1.43,0.66,951.85,951.85,N/M,N/M,645781.000,5867758.000
,,,,,,,,,,,,,,,,,,,,,,,,
18-73,26-Oct-2018,952.60,953.32,0.72,14.34,938.26,7.63 - 14.34,944.97 - 938.26,7.32 - 14.34,945.28 - 938.26,---,8.19,7.47,,N/A,N/A,8.19,7.47,945.13,945.13,N/M,N/M,645760.000,5867722.000
,,,,,,,,,,,,,,,,,,,,,,,,
18-74,26-Oct-2018,952.56,952.36,-0.20,15.40,937.16,7.63 - 13.73,944.93 - 938.83,7.32 - 15.40,945.24 - 937.16,---,7.23,7.43,,N/A,N/A,7.23,7.43,945.13,945.13,N/M,N/M,645761.000,5867716.000
,,,,,,,,,,,,,,,,,,,,,,,,
18-RW7,11-Oct-2018,949.88,950.71,0.83,6.25,943.63,0.92 - 6.10,948.96 - 943.78,0.76 - 6.25,949.12 - 943.63,---,2.83,2.00,,N/A,N/A,2.83,2.00,947.88,947.88,N/M,N/M,645604.000,5867663.000
,,,,,,,,,,,,,,,,,,,,,,,,
18-RW8,12-Oct-2018,949.91,950.66,0.75,13.12,936.79,7.63 - 13.12,942.28 - 936.79,7.32 - 13.12,942.59 - 936.79,---,7.57,6.82,,N/A,N/A,7.57,6.82,943.09,943.09,N/M,N/M,645606.000,5867663.000
,,,,,,,,,,,,,,,,,,,,,,,,
18-RW9,07-Nov-2018,952.47,953.29,0.82,5.20,947.27,0.92 - 5.20,951.55 - 947.27,0.76 - 5.20,951.71 - 947.27,---,1.95,1.14,,N/A,N/A,1.95,1.14,951.34,951.34,N/M,N/M,645772.000,5867759.000
,,,,,,,,,,,,,,,,,,,,,,,,
18-RW10,26-Oct-2018,952.55,953.26,0.71,13.12,939.43,7.63 - 13.12,944.92 - 939.43,7.32 - 13.12,945.23 - 939.43,---,8.180,7.470,8.135,0.045,0.036,8.144,7.434,945.080,945.116,N/M,N/M,645760.000,5867726.000
,,,,,,,,,,,,,,,,,,,,,,,,